street,city,zip,state,beds,baths,sq__ft,type,sale_date,price,latitude,longitude,,
9401 BARREL RACER CT,WILTON,95693,CA,4,3,4400,Residential,Fri May 16 00:00:00 EDT 2008,884790,38.415298,-121.194858,,
3935 EL MONTE DR,LOOMIS,95650,CA,4,4,1624,Residential,Tue May 20 00:00:00 EDT 2008,839000,38.813337,-121.133348,,
6222 CALLE MONTALVO CIR,GRANITE BAY,95746,CA,5,3,3670,Residential,Mon May 19 00:00:00 EDT 2008,760000,38.779435,-121.146676,,
1409 47TH ST,SACRAMENTO,95819,CA,5,2,2484,Residential,Tue May 20 00:00:00 EDT 2008,699000,38.563244,-121.446876,,
12901 FURLONG DR,WILTON,95693,CA,5,3,3788,Residential,Mon May 19 00:00:00 EDT 2008,691659,38.413535,-121.188211,,
4128 HILL ST,FAIR OAKS,95628,CA,5,5,2846,Residential,Tue May 20 00:00:00 EDT 2008,680000,38.64167,-121.262099,,
2400 COUNTRYSIDE DR,PLACERVILLE,95667,CA,3,2,2025,Residential,Mon May 19 00:00:00 EDT 2008,677048,38.737452,-120.910963,,
4629 DORCHESTER LN,GRANITE BAY,95746,CA,5,3,2896,Residential,Mon May 19 00:00:00 EDT 2008,676200,38.723545,-121.216025,,
4734 GIBBONS DR,CARMICHAEL,95608,CA,4,3,3357,Residential,Mon May 19 00:00:00 EDT 2008,668365,38.63558,-121.353639,,
4004 CRESTA WAY,SACRAMENTO,95864,CA,3,3,2325,Residential,Wed May 21 00:00:00 EDT 2008,660000,38.591618,-121.370626,,
104 CATLIN CT,FOLSOM,95630,CA,4,3,2660,Residential,Mon May 19 00:00:00 EDT 2008,636000,38.684459,-121.145935,,
2981 WRINGER DR,ROSEVILLE,95661,CA,4,3,3838,Residential,Tue May 20 00:00:00 EDT 2008,613401,38.735373,-121.227072,,
8432 BRIGGS DR,ROSEVILLE,95747,CA,5,3,3579,Residential,Fri May 16 00:00:00 EDT 2008,610000,38.78861,-121.339495,,
620 KESWICK CT,GRANITE BAY,95746,CA,4,3,2356,Residential,Fri May 16 00:00:00 EDT 2008,600000,38.732096,-121.219142,,
9880 IZILDA CT,SACRAMENTO,95829,CA,5,4,3863,Residential,Fri May 16 00:00:00 EDT 2008,598695,38.45326,-121.32573,,
5709 RIVER OAK WAY,CARMICHAEL,95608,CA,4,2,2222,Residential,Tue May 20 00:00:00 EDT 2008,582000,38.602461,-121.330979,,
9360 MAGOS RD,WILTON,95693,CA,5,2,3741,Residential,Mon May 19 00:00:00 EDT 2008,579093,38.416809,-121.240628,,
1165 37TH ST,SACRAMENTO,95816,CA,2,1,1252,Residential,Fri May 16 00:00:00 EDT 2008,575000,38.568438,-121.457854,,
203 CASCADE FALLS DR,FOLSOM,95630,CA,4,3,3229,Residential,Fri May 16 00:00:00 EDT 2008,575000,38.703962,-121.1871,,
7756 TIGERWOODS DR,SACRAMENTO,95829,CA,5,3,3984,Residential,Tue May 20 00:00:00 EDT 2008,572500,38.47643,-121.309243,,
3863 LAS PASAS WAY,SACRAMENTO,95864,CA,3,1,1348,Residential,Fri May 16 00:00:00 EDT 2008,545000,38.588936,-121.373606,,
2217 APPALOOSA CT,FOLSOM,95630,CA,4,2,2462,Residential,Wed May 21 00:00:00 EDT 2008,539000,38.655167,-121.090178,,
2049 EMPIRE MINE CIR,GOLD RIVER,95670,CA,4,2,3037,Residential,Mon May 19 00:00:00 EDT 2008,528000,38.629299,-121.249021,,
8217 PLUMERIA AVE,FAIR OAKS,95628,CA,3,2,3173,Residential,Fri May 16 00:00:00 EDT 2008,525000,38.650735,-121.258628,,
6503 RIO DE ONAR WAY,ELK GROVE,95757,CA,5,4,3508,Residential,Wed May 21 00:00:00 EDT 2008,510000,38.38253,-121.428038,,
1500 ORANGE HILL LN,PENRYN,95663,CA,3,2,1320,Residential,Mon May 19 00:00:00 EDT 2008,506688,38.862708,-121.162092,,
100 CHELSEA CT,FOLSOM,95630,CA,3,2,1905,Residential,Mon May 19 00:00:00 EDT 2008,500000,38.69435,-121.177259,,
2901 PINTAIL WAY,ELK GROVE,95757,CA,4,3,3070,Residential,Tue May 20 00:00:00 EDT 2008,495000,38.398488,830000,,
7004 RAWLEY WAY,ELK GROVE,95757,CA,4,3,3440,Residential,Wed May 21 00:00:00 EDT 2008,489332,38.406421,-121.422081,,
9970 STATE HIGHWAY 193,PLACERVILLE,95667,CA,4,3,1929,Residential,Tue May 20 00:00:00 EDT 2008,485000,38.787877,-120.816676,,
9605 GOLF COURSE LN,ELK GROVE,95758,CA,3,3,2503,Residential,Mon May 19 00:00:00 EDT 2008,484500,38.409689,-121.446059,,
2109 HAMLET PL,CARMICHAEL,95608,CA,2,2,1598,Residential,Tue May 20 00:00:00 EDT 2008,484000,38.602754,-121.329326,,
6935 ELM TREE LN,ORANGEVALE,95662,CA,4,4,3056,Residential,Mon May 19 00:00:00 EDT 2008,475000,38.693041,-121.23294,,
5559 NORTHBOROUGH DR,SACRAMENTO,95835,CA,5,3,3881,Residential,Tue May 20 00:00:00 EDT 2008,471750,38.677225,-121.519687,,
500 WINCHESTER CT,ROSEVILLE,95661,CA,3,2,2274,Residential,Mon May 19 00:00:00 EDT 2008,470000,38.73988,-121.248929,,
241 LANFRANCO CIR,SACRAMENTO,95835,CA,4,4,3397,Residential,Tue May 20 00:00:00 EDT 2008,465000,38.665696,-121.549437,,
6507 RIO DE ONAR WAY,ELK GROVE,95757,CA,4,3,2724,Residential,Wed May 21 00:00:00 EDT 2008,461000,38.38253,-121.428007,,
207 ORANGE BLOSSOM CIR Unit C,FOLSOM,95630,CA,5,3,2687,Residential,Wed May 21 00:00:00 EDT 2008,460000,38.646273,-121.175322,,
4440 SYCAMORE AVE,SACRAMENTO,95841,CA,3,1,2068,Residential,Tue May 20 00:00:00 EDT 2008,460000,38.646374,-121.353658,,
9760 LAZULITE CT,ELK GROVE,95624,CA,4,3,3992,Residential,Tue May 20 00:00:00 EDT 2008,460000,38.403609,-121.335541,,
3212 CORNICHE LN,ROSEVILLE,95661,CA,4,3,2379,Residential,Fri May 16 00:00:00 EDT 2008,455000,38.750577,-121.232768,,
3027 PALMATE WAY,SACRAMENTO,95834,CA,5,3,4246,Residential,Mon May 19 00:00:00 EDT 2008,452000,38.628955,-121.529269,,
1044 GALSTON DR,FOLSOM,95630,CA,4,2,2581,Residential,Tue May 20 00:00:00 EDT 2008,450000,38.676306,-121.09954,,
5201 BLOSSOM RANCH DR,ELK GROVE,95757,CA,4,4,4303,Residential,Mon May 19 00:00:00 EDT 2008,450000,38.399436,-121.444041,,
3108 DELWOOD WAY,SACRAMENTO,95821,CA,4,2,2053,Residential,Fri May 16 00:00:00 EDT 2008,450000,38.621566,-121.370882,,
1113 SANDWICK WAY,FOLSOM,95630,CA,4,3,3261,Residential,Fri May 16 00:00:00 EDT 2008,446000,38.673882,-121.105077,,
427 21ST ST,SACRAMENTO,95811,CA,2,1,1247,Residential,Tue May 20 00:00:00 EDT 2008,445000,38.582604,-121.47576,,
9516 LAGUNA LAKE WAY,ELK GROVE,95758,CA,4,2,2002,Residential,Mon May 19 00:00:00 EDT 2008,445000,38.411258,-121.431348,,
1240 FAY CIR,SACRAMENTO,95831,CA,5,3,2824,Residential,Fri May 16 00:00:00 EDT 2008,445000,38.506371,-121.514456,,
700 HUNTER PL,FOLSOM,95630,CA,5,3,2787,Residential,Fri May 16 00:00:00 EDT 2008,441000,38.66051,-121.163689,,
4966 CHARTER RD,ROCKLIN,95765,CA,3,2,1691,Residential,Mon May 19 00:00:00 EDT 2008,430922,38.82553,-121.254698,,
4186 TULIP PARK WAY,RANCHO CORDOVA,95742,CA,5,3,3615,Residential,Wed May 21 00:00:00 EDT 2008,430000,38.550617,-121.23526,,
1315 KONDOS AVE,SACRAMENTO,95814,CA,2,3,1788,Residential,Mon May 19 00:00:00 EDT 2008,427500,38.571943,-121.492106,,
6945 RIO TEJO WAY,ELK GROVE,95757,CA,5,3,3433,Residential,Wed May 21 00:00:00 EDT 2008,425000,38.385638,-121.422616,,
6306 CONEJO,RANCHO MURIETA,95683,CA,4,2,3192,Residential,Tue May 20 00:00:00 EDT 2008,425000,38.512602,-121.087233,,
51 AIKEN WAY,SACRAMENTO,95819,CA,3,1,1493,Residential,Fri May 16 00:00:00 EDT 2008,425000,38.579326,-121.44252,,
169 BAURER CIR,FOLSOM,95630,CA,4,3,1939,Residential,Mon May 19 00:00:00 EDT 2008,423000,38.66695,-121.120729,,
1484 RADCLIFFE WAY,AUBURN,95603,CA,4,3,2278,Residential,Fri May 16 00:00:00 EDT 2008,420454,38.935579,-121.079018,,
1092 MAUGHAM CT,GALT,95632,CA,5,4,3746,Residential,Tue May 20 00:00:00 EDT 2008,420000,38.271646,-121.286848,,
398 LINDLEY DR,SACRAMENTO,95815,CA,4,2,1744,Multi-Family,Mon May 19 00:00:00 EDT 2008,416767,38.622359,-121.457582,,
10 SEA FOAM CT,SACRAMENTO,95831,CA,3,3,2052,Residential,Wed May 21 00:00:00 EDT 2008,415000,38.487885,-121.545947,,
4748 SALEM WAY,CARMICHAEL,95608,CA,3,2,2334,Residential,Fri May 16 00:00:00 EDT 2008,415000,38.634111,-121.353376,,
1124 PERKINS WAY,SACRAMENTO,95818,CA,2,1,1304,Residential,Fri May 16 00:00:00 EDT 2008,413500,38.551611,-121.504437,,
3361 ALDER CANYON WAY,ANTELOPE,95843,CA,4,3,2085,Residential,Mon May 19 00:00:00 EDT 2008,408431,38.727649,-121.385656,,
10104 ANNIE ST,ELK GROVE,95757,CA,4,3,2724,Residential,Tue May 20 00:00:00 EDT 2008,406026,38.390465,-121.443479,,
2121 HANNAH WAY,ROCKLIN,95765,CA,4,2,2607,Residential,Tue May 20 00:00:00 EDT 2008,402000,38.805749,-121.280931,,
9361 WADDELL LN,ELK GROVE,95624,CA,4,3,2359,Residential,Wed May 21 00:00:00 EDT 2008,400186,38.450829,-121.349928,,
170 LAGOMARSINO WAY,SACRAMENTO,95819,CA,3,2,1697,Residential,Mon May 19 00:00:00 EDT 2008,400000,38.574894,-121.435806,,
556 PLATT CIR,EL DORADO HILLS,95762,CA,4,2,2199,Residential,Fri May 16 00:00:00 EDT 2008,400000,38.656299,-121.079783,,
3429 FERNBROOK CT,CAMERON PARK,95682,CA,3,2,2016,Residential,Tue May 20 00:00:00 EDT 2008,399000,38.664225,-121.007173,,
9677 PILLITERI CT,ELK GROVE,95757,CA,5,3,2875,Residential,Fri May 16 00:00:00 EDT 2008,397000,38.405571,-121.445186,,
1975 SIDESADDLE WAY,ROSEVILLE,95661,CA,3,2,2049,Residential,Fri May 16 00:00:00 EDT 2008,395500,38.737872,-121.249025,,
11817 OPAL RIDGE WAY,RANCHO CORDOVA,95742,CA,5,3,3281,Residential,Mon May 19 00:00:00 EDT 2008,395100,38.551083,-121.237476,,
1693 SHELTER COVE DR,GREENWOOD,95635,CA,3,2,2846,Residential,Wed May 21 00:00:00 EDT 2008,395000,38.945357,-120.908822,,
6801 RAWLEY WAY,ELK GROVE,95757,CA,4,3,3440,Residential,Wed May 21 00:00:00 EDT 2008,394470,38.408351,-121.423925,,
1300 F ST,SACRAMENTO,95814,CA,3,3,1627,Residential,Wed May 21 00:00:00 EDT 2008,391000,38.58355,-121.487289,,
3622 CURTIS DR,SACRAMENTO,95818,CA,3,1,1639,Residential,Mon May 19 00:00:00 EDT 2008,388000,38.541735,-121.480098,,
7837 ABBINGTON WAY,ANTELOPE,95843,CA,4,2,1830,Residential,Wed May 21 00:00:00 EDT 2008,387731,38.709873,-121.339472,,
3621 WINTUN DR,CARMICHAEL,95608,CA,3,2,1655,Residential,Fri May 16 00:00:00 EDT 2008,386222,38.629929,-121.323086,,
9629 CEDAR OAK WAY,ELK GROVE,95757,CA,5,4,3260,Residential,Tue May 20 00:00:00 EDT 2008,385000,38.405527,-121.431746,,
1050 FOXHALL WAY,SACRAMENTO,95831,CA,4,2,2054,Residential,Wed May 21 00:00:00 EDT 2008,381942,38.509819,-121.519661,,
5579 JERRY LITELL WAY,SACRAMENTO,95835,CA,5,3,3599,Residential,Wed May 21 00:00:00 EDT 2008,381300,38.677126,-121.500519,,
6905 FRANKFORT CT,ELK GROVE,95758,CA,3,2,1485,Residential,Fri May 16 00:00:00 EDT 2008,380578,38.429139,-121.423444,,
14004 WALNUT AVE,WALNUT GROVE,95690,CA,3,1,1727,Residential,Fri May 16 00:00:00 EDT 2008,380000,38.247659,-121.515129,,
10112 LAMBEAU CT,ELK GROVE,95757,CA,3,2,1179,Residential,Mon May 19 00:00:00 EDT 2008,378000,38.390328,-121.448022,,
7105 DANBERG WAY,ELK GROVE,95757,CA,5,3,3164,Residential,Wed May 21 00:00:00 EDT 2008,375000,38.4019,-121.420388,,
11215 SHARRMONT CT,WILTON,95693,CA,3,2,2110,Residential,Wed May 21 00:00:00 EDT 2008,372000,38.35062,-121.228349,,
15300 MURIETA SOUTH PKWY,RANCHO MURIETA,95683,CA,4,3,2734,Residential,Wed May 21 00:00:00 EDT 2008,370500,38.4874,-121.075129,,
9688 NATURE TRAIL WAY,ELK GROVE,95757,CA,5,3,3389,Residential,Tue May 20 00:00:00 EDT 2008,370000,38.405224,-121.479275,,
2802 BLACK OAK DR,ROCKLIN,95765,CA,2,2,1596,Residential,Mon May 19 00:00:00 EDT 2008,370000,38.837006,-121.232024,,
9048 PINTO CANYON WAY,ROSEVILLE,95747,CA,4,3,2577,Residential,Fri May 16 00:00:00 EDT 2008,367463,38.792493,-121.331899,,
2450 SAN JOSE WAY,SACRAMENTO,95817,CA,3,1,1683,Residential,Mon May 19 00:00:00 EDT 2008,365000,38.553596,-121.459483,,
2103 BURBERRY WAY,SACRAMENTO,95835,CA,3,2,1800,Residential,Mon May 19 00:00:00 EDT 2008,362305,38.67342,-121.508542,,
1620 BASLER ST,SACRAMENTO,95811,CA,4,2,1718,Residential,Tue May 20 00:00:00 EDT 2008,361948,38.591822,-121.478644,,
3975 SHINING STAR DR,SACRAMENTO,95823,CA,4,2,1900,Residential,Tue May 20 00:00:00 EDT 2008,361745,38.487409,-121.461413,,
5479 NICKMAN WAY,SACRAMENTO,95835,CA,4,2,1871,Residential,Mon May 19 00:00:00 EDT 2008,360552,38.672966,-121.502748,,
506 BEDFORD CT,ROSEVILLE,95661,CA,4,2,2295,Residential,Fri May 16 00:00:00 EDT 2008,360000,38.733985,-121.236766,,
200 ALLAIRE CIR,SACRAMENTO,95835,CA,4,2,2166,Residential,Mon May 19 00:00:00 EDT 2008,356035,38.68318,-121.53484,,
318 ANACAPA DR,ROSEVILLE,95678,CA,3,2,1838,Residential,Tue May 20 00:00:00 EDT 2008,356000,38.782094,-121.297133,,
200 OAKWILDE ST,GALT,95632,CA,4,2,1606,Residential,Mon May 19 00:00:00 EDT 2008,353767,38.2535,-121.31812,,
4143 SEA MEADOW WAY,SACRAMENTO,95823,CA,4,3,1915,Residential,Wed May 21 00:00:00 EDT 2008,351300,38.46534,-121.457519,,
6232 GUS WAY,ELK GROVE,95757,CA,4,2,2789,Residential,Mon May 19 00:00:00 EDT 2008,351000,38.388129,-121.43117,,
7709 RIVER VILLAGE DR,SACRAMENTO,95831,CA,3,2,1795,Residential,Fri May 16 00:00:00 EDT 2008,351000,38.483212,-121.54019,,
1230 SANDRA CIR,PLACERVILLE,95667,CA,4,3,2295,Residential,Tue May 20 00:00:00 EDT 2008,350000,38.738141,-120.784145,,
4509 WINJE DR,ANTELOPE,95843,CA,3,2,2960,Residential,Fri May 16 00:00:00 EDT 2008,350000,38.709513,-121.359357,,
6709 ROSE BRIDGE DR,ROSEVILLE,95678,CA,3,2,2172,Residential,Fri May 16 00:00:00 EDT 2008,350000,38.792461,-121.275711,,
281 SPYGLASS HL,ROSEVILLE,95678,CA,3,2,2100,Condo,Fri May 16 00:00:00 EDT 2008,350000,38.762153,-121.283451,,
4821 HUTSON WAY,ELK GROVE,95757,CA,5,3,2877,Residential,Fri May 16 00:00:00 EDT 2008,349000,38.386239,-121.448159,,
6708 PONTA DO SOL WAY,ELK GROVE,95757,CA,4,2,3134,Residential,Wed May 21 00:00:00 EDT 2008,347650,38.380635,-121.425538,,
8495 DARTFORD DR,SACRAMENTO,95823,CA,3,3,1961,Residential,Wed May 21 00:00:00 EDT 2008,347029,38.448507,-121.421346,,
5725 BALFOR RD,ROCKLIN,95765,CA,5,3,2606,Residential,Fri May 16 00:00:00 EDT 2008,346375,38.807816,-121.270008,,
9488 OAK VILLAGE WAY,ELK GROVE,95758,CA,4,2,1801,Residential,Wed May 21 00:00:00 EDT 2008,346210,38.41333,-121.404999,,
8909 BILLFISH WAY,SACRAMENTO,95828,CA,3,2,1810,Residential,Mon May 19 00:00:00 EDT 2008,345746,38.475433,-121.372584,,
796 BUTTERCUP CIR,GALT,95632,CA,4,2,2159,Residential,Tue May 20 00:00:00 EDT 2008,345000,38.279581,-121.300828,,
100 REBECCA WAY,FOLSOM,95630,CA,3,2,2185,Residential,Wed May 21 00:00:00 EDT 2008,344250,38.68479,-121.149199,,
5102 ARCHCREST WAY,SACRAMENTO,95835,CA,4,2,2372,Residential,Fri May 16 00:00:00 EDT 2008,341000,38.66841,-121.494639,,
29 COOL FOUNTAIN CT,SACRAMENTO,95833,CA,4,2,2155,Residential,Mon May 19 00:00:00 EDT 2008,340000,38.606906,-121.54132,,
1106 55TH ST,SACRAMENTO,95819,CA,3,1,1108,Residential,Tue May 20 00:00:00 EDT 2008,339000,38.563805,-121.436395,,
411 ILLSLEY WAY,FOLSOM,95630,CA,4,2,1595,Residential,Tue May 20 00:00:00 EDT 2008,339000,38.652002,-121.129504,,
3512 RAINSONG CIR,RANCHO CORDOVA,95670,CA,4,3,2208,Residential,Tue May 20 00:00:00 EDT 2008,336000,38.573488,-121.282809,,
4620 WELERA WAY,ELK GROVE,95757,CA,3,3,2725,Residential,Wed May 21 00:00:00 EDT 2008,335750,38.398609,-121.450148,,
9723 TERRAPIN CT,ELK GROVE,95757,CA,4,3,2354,Residential,Wed May 21 00:00:00 EDT 2008,335750,38.403492,-121.430224,,
5544 CAMAS CT,ORANGEVALE,95662,CA,3,2,1616,Residential,Fri May 16 00:00:00 EDT 2008,335000,38.667703,-121.209456,,
8025 PEERLESS AVE,ORANGEVALE,95662,CA,2,1,1690,Residential,Wed May 21 00:00:00 EDT 2008,334150,38.71147,-121.216214,,
5411 10TH AVE,SACRAMENTO,95820,CA,2,1,539,Residential,Tue May 20 00:00:00 EDT 2008,334000,38.542727,-121.442449,,
580 REGENCY PARK CIR,SACRAMENTO,95835,CA,3,3,2212,Residential,Fri May 16 00:00:00 EDT 2008,334000,38.674864,-121.4958,,
149 OPUS CIR,SACRAMENTO,95834,CA,4,3,2258,Residential,Fri May 16 00:00:00 EDT 2008,332000,38.6354,-121.53499,,
10254 JULIANA WAY,SACRAMENTO,95827,CA,4,2,2484,Residential,Fri May 16 00:00:00 EDT 2008,331200,38.56803,-121.309966,,
5405 NECTAR CIR,ELK GROVE,95757,CA,3,2,2575,Residential,Tue May 20 00:00:00 EDT 2008,331000,38.387014,-121.440967,,
6121 WILD FOX CT,ELK GROVE,95757,CA,3,3,2442,Residential,Mon May 19 00:00:00 EDT 2008,331000,38.406758,-121.431669,,
2251 LAMPLIGHT LN,LINCOLN,95648,CA,2,2,1449,Residential,Tue May 20 00:00:00 EDT 2008,330000,38.849924,-121.275729,,
106 FARHAM DR,FOLSOM,95630,CA,3,2,1258,Residential,Tue May 20 00:00:00 EDT 2008,330000,38.667834,-121.168578,,
3349 CORVINA DR,RANCHO CORDOVA,95670,CA,4,3,2109,Residential,Fri May 16 00:00:00 EDT 2008,330000,38.580545,-121.279016,,
310 GROTH CIR,SACRAMENTO,95834,CA,4,2,1659,Residential,Mon May 19 00:00:00 EDT 2008,328578,38.638764,-121.531827,,
1214 DAWNWOOD DR,GALT,95632,CA,3,2,1548,Residential,Fri May 16 00:00:00 EDT 2008,328370,38.290119,-121.286023,,
8929 SUTTERS GOLD DR,SACRAMENTO,95826,CA,4,3,1914,Residential,Wed May 21 00:00:00 EDT 2008,328360,38.550848,-121.370224,,
4741 PACIFIC PARK DR,ANTELOPE,95843,CA,5,3,2347,Residential,Mon May 19 00:00:00 EDT 2008,325000,38.709299,-121.353056,,
2422 STEFANIE DR,ROCKLIN,95765,CA,4,2,1888,Residential,Fri May 16 00:00:00 EDT 2008,325000,38.82273,-121.26424,,
3372 BERETANIA WAY,SACRAMENTO,95834,CA,4,3,2962,Residential,Fri May 16 00:00:00 EDT 2008,322000,38.64977,-121.53448,,
4359 CREGAN CT,RANCHO CORDOVA,95742,CA,5,4,3516,Residential,Wed May 21 00:00:00 EDT 2008,320000,38.545128,-121.224922,,
5912 DEEPDALE WAY,ELK GROVE,95758,CA,5,3,3468,Residential,Mon May 19 00:00:00 EDT 2008,320000,38.439565,-121.436606,,
4712 PISMO BEACH DR,ANTELOPE,95843,CA,5,3,2346,Residential,Mon May 19 00:00:00 EDT 2008,320000,38.707705,-121.354153,,
5608 ROSEDALE WAY,SACRAMENTO,95822,CA,3,2,1276,Residential,Fri May 16 00:00:00 EDT 2008,320000,38.525115,-121.518689,,
8 RIVER RAFT CT,SACRAMENTO,95823,CA,4,2,2205,Residential,Tue May 20 00:00:00 EDT 2008,319789,38.447353,-121.434969,,
8788 LA MARGARITA WAY,SACRAMENTO,95828,CA,3,2,1410,Residential,Mon May 19 00:00:00 EDT 2008,316630,38.468185,-121.375694,,
9570 HARVEST ROSE WAY,SACRAMENTO,95827,CA,5,3,2367,Residential,Wed May 21 00:00:00 EDT 2008,315537,38.555993,-121.340352,,
5601 SPINDRIFT LN,ORANGEVALE,95662,CA,4,2,2004,Residential,Fri May 16 00:00:00 EDT 2008,315000,38.668289,-121.192316,,
652 FIFTEEN MILE DR,ROSEVILLE,95678,CA,4,3,2212,Residential,Fri May 16 00:00:00 EDT 2008,315000,38.775872,-121.298864,,
7921 DOE TRAIL WAY,ANTELOPE,95843,CA,5,3,3134,Residential,Fri May 16 00:00:00 EDT 2008,315000,38.711927,-121.343608,,
4204 LUSK DR,SACRAMENTO,95864,CA,3,2,1360,Residential,Fri May 16 00:00:00 EDT 2008,315000,38.606569,-121.368424,,
8205 WEYBURN CT,SACRAMENTO,95828,CA,3,2,1394,Residential,Mon May 19 00:00:00 EDT 2008,313138,38.47316,-121.403893,,
1571 WILD OAK LN,LINCOLN,95648,CA,5,3,2457,Residential,Fri May 16 00:00:00 EDT 2008,312000,38.844144,-121.274174,,
63 ANGEL ISLAND CIR,SACRAMENTO,95831,CA,4,2,2169,Residential,Fri May 16 00:00:00 EDT 2008,311518,38.490408,-121.547664,,
251 CHANGO CIR,SACRAMENTO,95835,CA,4,2,2218,Residential,Mon May 19 00:00:00 EDT 2008,311328,38.68237,-121.539147,,
8664 MAGNOLIA HILL WAY,ELK GROVE,95624,CA,4,2,2309,Residential,Wed May 21 00:00:00 EDT 2008,311000,38.442352,-121.389675,,
2949 PANAMA AVE,CARMICHAEL,95608,CA,3,2,1502,Residential,Fri May 16 00:00:00 EDT 2008,310000,38.618369,-121.326187,,
1356 HARTLEY WAY,FOLSOM,95630,CA,3,2,1327,Residential,Fri May 16 00:00:00 EDT 2008,310000,38.651617,-121.131674,,
633 HANISCH DR,ROSEVILLE,95678,CA,4,3,1800,Residential,Fri May 16 00:00:00 EDT 2008,310000,38.76349,-121.275881,,
2015 PROMONTORY POINT LN,GOLD RIVER,95670,CA,3,2,1981,Residential,Tue May 20 00:00:00 EDT 2008,305000,38.628732,-121.261149,,
3253 ABOTO WAY,RANCHO CORDOVA,95670,CA,4,3,1851,Residential,Mon May 19 00:00:00 EDT 2008,305000,38.57727,-121.285591,,
8215 PEREGRINE WAY,CITRUS HEIGHTS,95610,CA,3,2,1401,Residential,Fri May 16 00:00:00 EDT 2008,305000,38.715493,-121.26293,,
4727 SAVOIE WAY,SACRAMENTO,95835,CA,5,3,2800,Residential,Wed May 21 00:00:00 EDT 2008,304037,38.658182,-121.549521,,
5908 MCLEAN DR,ELK GROVE,95757,CA,5,3,2592,Residential,Fri May 16 00:00:00 EDT 2008,303000,38.38912,-121.434389,,
5776 TERRACE DR,ROCKLIN,95765,CA,3,2,1577,Residential,Fri May 16 00:00:00 EDT 2008,300567,38.800539,-121.260979,,
5651 OVERLEAF WAY,SACRAMENTO,95835,CA,4,2,1910,Residential,Tue May 20 00:00:00 EDT 2008,300500,38.677454,-121.494791,,
7320 6TH ST,RIO LINDA,95673,CA,3,1,1284,Residential,Tue May 20 00:00:00 EDT 2008,300000,38.700553,-121.452223,,
993 MANTON CT,GALT,95632,CA,4,3,2307,Residential,Tue May 20 00:00:00 EDT 2008,300000,38.272942,-121.289148,,
4487 PANORAMA DR,PLACERVILLE,95667,CA,3,2,1329,Residential,Tue May 20 00:00:00 EDT 2008,300000,38.694559,-120.848157,,
1113 COMMONS DR,SACRAMENTO,95825,CA,2,2,1623,Residential,Fri May 16 00:00:00 EDT 2008,300000,38.567795,-121.410703,,
2341 BIG STRIKE TRL,COOL,95614,CA,3,2,1457,Residential,Fri May 16 00:00:00 EDT 2008,300000,38.905927,-120.975169,,
9452 RED SPRUCE WAY,ELK GROVE,95624,CA,6,3,2555,Residential,Fri May 16 00:00:00 EDT 2008,300000,38.404505,-121.346938,,
62 DE FER CIR,SACRAMENTO,95823,CA,4,2,1876,Residential,Mon May 19 00:00:00 EDT 2008,299940,38.49254,-121.463316,,
2010 PROMONTORY POINT LN,GOLD RIVER,95670,CA,2,2,1520,Residential,Wed May 21 00:00:00 EDT 2008,299000,38.62869,-121.261669,,
1828 2ND AVE,SACRAMENTO,95818,CA,2,1,1144,Residential,Fri May 16 00:00:00 EDT 2008,299000,38.556844,-121.490769,,
4925 PERCHERON DR,ELK GROVE,95757,CA,3,2,1843,Residential,Wed May 21 00:00:00 EDT 2008,298000,38.40154,-121.447649,,
9204 TROUT WAY,ELK GROVE,95624,CA,4,2,1982,Residential,Fri May 16 00:00:00 EDT 2008,298000,38.422221,-121.375799,,
8612 WILLOW GROVE WAY,SACRAMENTO,95828,CA,3,2,1248,Residential,Mon May 19 00:00:00 EDT 2008,297359,38.464994,-121.386962,,
10158 CRAWFORD WAY,SACRAMENTO,95827,CA,4,4,2213,Multi-Family,Wed May 21 00:00:00 EDT 2008,297000,38.5703,-121.315735,,
7731 MASTERS ST,ELK GROVE,95758,CA,5,3,2494,Residential,Wed May 21 00:00:00 EDT 2008,297000,38.442031,-121.410873,,
405 MARLIN SPIKE WAY,SACRAMENTO,95838,CA,3,2,1411,Residential,Tue May 20 00:00:00 EDT 2008,296769,38.65783,-121.456842,,
10629 BASIE WAY,RANCHO CORDOVA,95670,CA,4,2,1524,Residential,Mon May 19 00:00:00 EDT 2008,296056,38.579,-121.292627,,
4800 MAPLEPLAIN AVE,ELK GROVE,95758,CA,4,2,2109,Residential,Mon May 19 00:00:00 EDT 2008,296000,38.432848,-121.449237,,
26 JEANROSS CT,SACRAMENTO,95832,CA,5,3,2992,Residential,Mon May 19 00:00:00 EDT 2008,295000,38.473162,-121.491085,,
5747 KING RD,LOOMIS,95650,CA,4,2,1328,Residential,Fri May 16 00:00:00 EDT 2008,295000,38.825096,-121.198432,,
8463 TERRACOTTA CT,ELK GROVE,95624,CA,4,2,1721,Residential,Fri May 16 00:00:00 EDT 2008,294173,38.450548,-121.363002,,
37 WHITE BIRCH CT,ROSEVILLE,95678,CA,3,2,1401,Residential,Tue May 20 00:00:00 EDT 2008,294000,38.776327,-121.284514,,
1524 YOUNGS AVE,SACRAMENTO,95838,CA,4,2,1382,Residential,Fri May 16 00:00:00 EDT 2008,293996,38.644927,-121.43054,,
5413 BUENA VENTURA WAY,FAIR OAKS,95628,CA,3,2,1527,Residential,Tue May 20 00:00:00 EDT 2008,293993,38.664552,-121.255937,,
1838 CASTRO WAY,SACRAMENTO,95818,CA,2,1,1126,Residential,Wed May 21 00:00:00 EDT 2008,292024,38.556098,-121.490787,,
3578 LOGGERHEAD WAY,SACRAMENTO,95834,CA,4,2,2169,Residential,Tue May 20 00:00:00 EDT 2008,292000,38.633028,-121.526755,,
1416 LOCKHART WAY,ROSEVILLE,95747,CA,3,2,1440,Residential,Tue May 20 00:00:00 EDT 2008,292000,38.752399,-121.330328,,
5322 WHITE LOTUS WAY,ELK GROVE,95757,CA,3,2,1857,Residential,Wed May 21 00:00:00 EDT 2008,291000,38.391538,-121.442596,,
1103 COMMONS DR,SACRAMENTO,95825,CA,3,2,1720,Residential,Fri May 16 00:00:00 EDT 2008,290000,38.567865,-121.410699,,
4636 TEAL BAY CT,ANTELOPE,95843,CA,4,2,2160,Residential,Fri May 16 00:00:00 EDT 2008,290000,38.704554,-121.354753,,
4885 SUMMIT VIEW DR,EL DORADO,95623,CA,3,2,1624,Residential,Mon May 19 00:00:00 EDT 2008,289000,38.673285,-120.879176,,
10133 NEBBIOLO CT,ELK GROVE,95624,CA,4,3,2096,Residential,Fri May 16 00:00:00 EDT 2008,289000,38.391085,-121.347231,,
2916 BABSON DR,ELK GROVE,95758,CA,3,2,1735,Residential,Fri May 16 00:00:00 EDT 2008,288000,38.417191,-121.473897,,
8882 AUTUMN GOLD CT,ELK GROVE,95624,CA,4,2,1993,Residential,Wed May 21 00:00:00 EDT 2008,287417,38.4439,-121.37255,,
8806 PHOENIX AVE,FAIR OAKS,95628,CA,3,2,1450,Residential,Tue May 20 00:00:00 EDT 2008,286013,38.660322,-121.230101,,
9507 SEA CLIFF WAY,ELK GROVE,95758,CA,4,2,2056,Residential,Wed May 21 00:00:00 EDT 2008,285000,38.410992,-121.479043,,
5419 HAVENHURST CIR,ROCKLIN,95677,CA,3,2,1510,Residential,Mon May 19 00:00:00 EDT 2008,285000,38.786746,-121.209957,,
220 OLD AIRPORT RD,AUBURN,95603,CA,2,2,960,Multi-Family,Mon May 19 00:00:00 EDT 2008,285000,38.939802,-121.054575,,
4622 MEYER WAY,CARMICHAEL,95608,CA,4,2,1559,Residential,Mon May 19 00:00:00 EDT 2008,285000,38.64913,-121.310667,,
8986 HAFLINGER WAY,ELK GROVE,95757,CA,3,2,1857,Residential,Fri May 16 00:00:00 EDT 2008,285000,38.397923,-121.450219,,
6220 OPUS CT,CITRUS HEIGHTS,95621,CA,3,2,1343,Residential,Mon May 19 00:00:00 EDT 2008,284893,38.715853,-121.317095,,
1219 G ST,SACRAMENTO,95814,CA,3,3,1922,Residential,Mon May 19 00:00:00 EDT 2008,284686,38.582818,-121.489096,,
2912 NORCADE CIR,SACRAMENTO,95826,CA,8,4,3612,Multi-Family,Wed May 21 00:00:00 EDT 2008,282400,38.559505,-121.364839,,
2064 EXPEDITION WAY,SACRAMENTO,95832,CA,4,3,3009,Residential,Wed May 21 00:00:00 EDT 2008,280987,38.474099,-121.490711,,
2900 BLAIR RD,POLLOCK PINES,95726,CA,2,2,1284,Residential,Wed May 21 00:00:00 EDT 2008,280908,38.75485,-120.60476,,
9720 LITTLE HARBOR WAY,ELK GROVE,95624,CA,4,3,2494,Residential,Tue May 20 00:00:00 EDT 2008,280000,38.404934,-121.352405,,
1042 STARBROOK DR,GALT,95632,CA,4,2,1928,Residential,Mon May 19 00:00:00 EDT 2008,280000,38.285611,-121.293063,,
6326 APPIAN WAY,CARMICHAEL,95608,CA,3,2,1443,Residential,Fri May 16 00:00:00 EDT 2008,280000,38.66266,-121.316858,,
6905 COBALT WAY,CITRUS HEIGHTS,95621,CA,4,2,1582,Residential,Fri May 16 00:00:00 EDT 2008,280000,38.691393,-121.305215,,
2987 DIORITE WAY,SACRAMENTO,95835,CA,5,3,2280,Residential,Fri May 16 00:00:00 EDT 2008,279000,38.667332,-121.528276,,
294 SPARROW DR,GALT,95632,CA,4,3,2214,Residential,Fri May 16 00:00:00 EDT 2008,278000,38.258976,-121.321266,,
2242 ABLE WAY,SACRAMENTO,95835,CA,4,3,2550,Residential,Mon May 19 00:00:00 EDT 2008,277980,38.666074,-121.509743,,
2678 BRIARTON DR,LINCOLN,95648,CA,3,2,1650,Residential,Fri May 16 00:00:00 EDT 2008,276500,38.844116,-121.274806,,
2915 HOLDREGE WAY,SACRAMENTO,95835,CA,5,3,2494,Residential,Fri May 16 00:00:00 EDT 2008,276000,38.663728,-121.525833,,
7744 SOUTHBREEZE DR,SACRAMENTO,95828,CA,3,2,1468,Residential,Mon May 19 00:00:00 EDT 2008,275336,38.476932,-121.378349,,
6850 21ST ST,SACRAMENTO,95822,CA,3,2,1446,Residential,Wed May 21 00:00:00 EDT 2008,275086,38.502194,-121.490795,,
8864 REMBRANT CT,ELK GROVE,95624,CA,4,3,1653,Residential,Tue May 20 00:00:00 EDT 2008,275000,38.435288,-121.375703,,
9455 SEA CLIFF WAY,ELK GROVE,95758,CA,4,2,2056,Residential,Tue May 20 00:00:00 EDT 2008,275000,38.411522,-121.481406,,
9949 NESTLING CIR,ELK GROVE,95757,CA,3,2,1543,Residential,Fri May 16 00:00:00 EDT 2008,275000,38.397455,-121.468391,,
10372 VIA CINTA CT,ELK GROVE,95757,CA,4,3,2724,Residential,Mon May 19 00:00:00 EDT 2008,274425,38.380089,-121.428186,,
7842 LAHONTAN CT,SACRAMENTO,95829,CA,4,3,2372,Residential,Wed May 21 00:00:00 EDT 2008,273750,38.472976,-121.318633,,
5625 JAMES WAY,SACRAMENTO,95822,CA,3,1,975,Residential,Wed May 21 00:00:00 EDT 2008,271742,38.523947,-121.484946,,
5342 CALABRIA WAY,SACRAMENTO,95835,CA,4,3,2030,Residential,Tue May 20 00:00:00 EDT 2008,270000,38.671807,-121.498274,,
47 NAPONEE CT,SACRAMENTO,95835,CA,3,2,1531,Residential,Tue May 20 00:00:00 EDT 2008,270000,38.665704,-121.529096,,
5635 FOXVIEW WAY,ELK GROVE,95757,CA,3,2,1457,Residential,Mon May 19 00:00:00 EDT 2008,270000,38.395256,-121.438249,,
10165 LOFTON WAY,ELK GROVE,95757,CA,3,2,1540,Residential,Fri May 16 00:00:00 EDT 2008,266510,38.387708,-121.436522,,
11826 DIONYSUS WAY,RANCHO CORDOVA,95742,CA,4,2,2711,Residential,Mon May 19 00:00:00 EDT 2008,266000,38.551046,-121.239411,,
5847 DEL CAMPO LN,CARMICHAEL,95608,CA,3,1,1713,Residential,Mon May 19 00:00:00 EDT 2008,266000,38.671995,-121.324339,,
4236 NATOMAS CENTRAL DR,SACRAMENTO,95834,CA,3,2,1672,Condo,Wed May 21 00:00:00 EDT 2008,265000,38.648879,-121.544023,,
5615 LUPIN LN,POLLOCK PINES,95726,CA,3,2,1380,Residential,Wed May 21 00:00:00 EDT 2008,265000,38.708315,-120.603872,,
8108 FILIFERA WAY,ANTELOPE,95843,CA,4,3,1768,Residential,Tue May 20 00:00:00 EDT 2008,265000,38.717042,-121.35468,,
1570 GLIDDEN AVE,SACRAMENTO,95822,CA,4,2,1253,Residential,Tue May 20 00:00:00 EDT 2008,264469,38.482704,-121.500433,,
5635 LOS PUEBLOS WAY,SACRAMENTO,95835,CA,3,2,1811,Residential,Fri May 16 00:00:00 EDT 2008,263500,38.679191,-121.537622,,
955 BIG SUR CT,EL DORADO HILLS,95762,CA,4,2,1808,Residential,Mon May 19 00:00:00 EDT 2008,262500,38.664347,-121.076529,,
5712 MELBURY CIR,ANTELOPE,95843,CA,3,2,1567,Residential,Tue May 20 00:00:00 EDT 2008,261000,38.705849,-121.334701,,
361 MAHONIA CIR,SACRAMENTO,95835,CA,4,3,2175,Residential,Mon May 19 00:00:00 EDT 2008,261000,38.676172,-121.509761,,
3427 LA CADENA WAY,SACRAMENTO,95835,CA,4,2,1904,Residential,Mon May 19 00:00:00 EDT 2008,261000,38.681194,-121.537351,,
4900 71ST ST,SACRAMENTO,95820,CA,3,1,1018,Residential,Wed May 21 00:00:00 EDT 2008,260014,38.53151,-121.421089,,
230 CANDELA CIR,SACRAMENTO,95835,CA,3,2,1541,Residential,Wed May 21 00:00:00 EDT 2008,260000,38.656251,-121.547572,,
7922 MANSELL WAY,ELK GROVE,95758,CA,4,2,1595,Residential,Tue May 20 00:00:00 EDT 2008,260000,38.409634,-121.410787,,
2231 COUNTRY VILLA CT,AUBURN,95603,CA,2,2,1255,Condo,Mon May 19 00:00:00 EDT 2008,260000,38.931671,-121.097862,,
6221 GREEN TOP WAY,ORANGEVALE,95662,CA,3,2,1196,Residential,Fri May 16 00:00:00 EDT 2008,260000,38.679409,-121.219107,,
2298 PRIMROSE LN,LINCOLN,95648,CA,3,2,1621,Residential,Fri May 16 00:00:00 EDT 2008,260000,38.89918,-121.322514,,
5529 LAGUNA PARK DR,ELK GROVE,95758,CA,5,3,2790,Residential,Wed May 21 00:00:00 EDT 2008,258000,38.42568,-121.438062,,
9182 LAKEMONT DR,ELK GROVE,95624,CA,4,2,1724,Residential,Mon May 19 00:00:00 EDT 2008,258000,38.451353,-121.358776,,
8207 YORKTON WAY,SACRAMENTO,95829,CA,3,2,2170,Residential,Tue May 20 00:00:00 EDT 2008,257729,38.45967,-121.360461,,
191 BARNHART CIR,SACRAMENTO,95835,CA,4,2,2605,Residential,Fri May 16 00:00:00 EDT 2008,257200,38.675594,-121.515878,,
6344 BONHAM CIR,CITRUS HEIGHTS,95610,CA,5,4,2085,Multi-Family,Tue May 20 00:00:00 EDT 2008,256054,38.682358,-121.272876,,
5312 MARBURY WAY,ANTELOPE,95843,CA,3,2,1574,Residential,Tue May 20 00:00:00 EDT 2008,255000,38.710221,-121.341651,,
8671 SUMMER SUN WAY,ELK GROVE,95624,CA,3,2,1451,Residential,Fri May 16 00:00:00 EDT 2008,255000,38.442845,-121.373272,,
1890 GENEVA PL,SACRAMENTO,95825,CA,3,1,1520,Residential,Fri May 16 00:00:00 EDT 2008,255000,38.599449,-121.400305,,
1813 AVENIDA MARTINA,ROSEVILLE,95747,CA,3,2,1506,Residential,Fri May 16 00:00:00 EDT 2008,255000,38.776649,-121.339589,,
4901 MILLNER WAY,ELK GROVE,95757,CA,3,2,1843,Residential,Wed May 21 00:00:00 EDT 2008,254200,38.38692,-121.447349,,
4818 BRITTNEY LEE CT,SACRAMENTO,95841,CA,4,2,1921,Residential,Wed May 21 00:00:00 EDT 2008,254200,38.653917,-121.34218,,
5308 MARBURY WAY,ANTELOPE,95843,CA,3,2,1830,Residential,Mon May 19 00:00:00 EDT 2008,254172,38.710221,-121.341707,,
8304 JUGLANS DR,ORANGEVALE,95662,CA,4,2,1574,Residential,Mon May 19 00:00:00 EDT 2008,252155,38.691829,-121.249033,,
9355 MATADOR WAY,SACRAMENTO,95826,CA,4,2,1438,Residential,Fri May 16 00:00:00 EDT 2008,252000,38.555633,-121.350691,,
2130 CATHERWOOD WAY,SACRAMENTO,95835,CA,3,2,1424,Residential,Mon May 19 00:00:00 EDT 2008,251000,38.675506,-121.510987,,
4010 ALEX LN,CARMICHAEL,95608,CA,2,2,1326,Condo,Wed May 21 00:00:00 EDT 2008,250134,38.637028,-121.312963,,
5448 MAIDSTONE WAY,CITRUS HEIGHTS,95621,CA,3,2,1305,Residential,Wed May 21 00:00:00 EDT 2008,250000,38.665395,-121.293288,,
18 OLLIE CT,ELK GROVE,95758,CA,4,2,1591,Residential,Wed May 21 00:00:00 EDT 2008,250000,38.444909,-121.412345,,
5706 GREENACRES WAY,ORANGEVALE,95662,CA,3,2,1176,Residential,Tue May 20 00:00:00 EDT 2008,250000,38.669882,-121.213533,,
6900 LONICERA DR,ORANGEVALE,95662,CA,4,2,1456,Residential,Tue May 20 00:00:00 EDT 2008,250000,38.692199,-121.250975,,
419 DAWNRIDGE RD,ROSEVILLE,95678,CA,3,2,1498,Residential,Tue May 20 00:00:00 EDT 2008,250000,38.725283,-121.297953,,
9054 DESCENDANT DR,ELK GROVE,95758,CA,3,2,1636,Residential,Fri May 16 00:00:00 EDT 2008,250000,38.428852,-121.415628,,
3450 WHITNOR CT,SACRAMENTO,95821,CA,3,2,1828,Residential,Fri May 16 00:00:00 EDT 2008,250000,38.627698,-121.369698,,
1316 I ST,RIO LINDA,95673,CA,3,1,1160,Residential,Mon May 19 00:00:00 EDT 2008,249862,38.683674,-121.435204,,
5976 KYLENCH CT,CITRUS HEIGHTS,95621,CA,3,2,1367,Residential,Fri May 16 00:00:00 EDT 2008,249000,38.708966,-121.32467,,
9247 DELAIR WAY,ELK GROVE,95758,CA,4,3,1899,Residential,Fri May 16 00:00:00 EDT 2008,249000,38.422241,-121.458022,,
77 RINETTI WAY,RIO LINDA,95673,CA,4,2,1182,Residential,Mon May 19 00:00:00 EDT 2008,247480,38.687021,-121.463151,,
6943 WOLFGRAM WAY,SACRAMENTO,95828,CA,4,2,1176,Residential,Mon May 19 00:00:00 EDT 2008,247234,38.489215,-121.419546,,
5118 ROBANDER ST,CARMICHAEL,95608,CA,3,2,1676,Residential,Fri May 16 00:00:00 EDT 2008,247000,38.657267,-121.310352,,
4240 WINJE DR,ANTELOPE,95843,CA,4,2,2504,Residential,Fri May 16 00:00:00 EDT 2008,246750,38.70884,-121.359559,,
8316 NORTHAM DR,ANTELOPE,95843,CA,3,2,1235,Residential,Fri May 16 00:00:00 EDT 2008,246544,38.720767,-121.376678,,
3662 RIVER DR,SACRAMENTO,95833,CA,4,3,2447,Residential,Mon May 19 00:00:00 EDT 2008,246000,38.604969,-121.54255,,
8636 TEGEA WAY,ELK GROVE,95624,CA,5,3,2508,Residential,Wed May 21 00:00:00 EDT 2008,245918,38.443832,-121.382087,,
7344 BUTTERBALL WAY,SACRAMENTO,95842,CA,3,2,1503,Residential,Tue May 20 00:00:00 EDT 2008,245000,38.699489,-121.361828,,
8219 GWINHURST CIR,SACRAMENTO,95828,CA,4,3,2491,Residential,Tue May 20 00:00:00 EDT 2008,245000,38.459711,-121.384283,,
3240 S ST,SACRAMENTO,95816,CA,2,1,1269,Residential,Tue May 20 00:00:00 EDT 2008,245000,38.562296,-121.467489,,
4867 LAGUNA DR,SACRAMENTO,95823,CA,3,2,1306,Residential,Mon May 19 00:00:00 EDT 2008,245000,38.46179,-121.445371,,
6913 RICHEVE WAY,SACRAMENTO,95828,CA,3,1,958,Residential,Wed May 21 00:00:00 EDT 2008,244960,38.502519,-121.420769,,
7713 HARVEST WOODS DR,SACRAMENTO,95828,CA,3,2,1269,Residential,Wed May 21 00:00:00 EDT 2008,244000,38.478198,-121.412911,,
16 BRONCO CREEK CT,SACRAMENTO,95835,CA,4,2,1876,Residential,Fri May 16 00:00:00 EDT 2008,243500,38.674226,-121.525497,,
8323 REDBANK WAY,SACRAMENTO,95829,CA,3,2,1789,Residential,Fri May 16 00:00:00 EDT 2008,243450,38.455753,-121.349273,,
4804 NORIKER DR,ELK GROVE,95757,CA,3,2,2163,Residential,Wed May 21 00:00:00 EDT 2008,242638,38.400974,-121.448424,,
11130 EEL RIVER CT,RANCHO CORDOVA,95670,CA,2,2,1406,Residential,Fri May 16 00:00:00 EDT 2008,242000,38.625932,-121.271517,,
6411 RED BIRCH WAY,ELK GROVE,95758,CA,4,2,1844,Residential,Mon May 19 00:00:00 EDT 2008,241000,38.43461,-121.429316,,
7 ARCHIBALD CT,SACRAMENTO,95823,CA,3,2,1962,Residential,Fri May 16 00:00:00 EDT 2008,240971,38.443305,-121.435296,,
1028 FALLON PLACE CT,RIO LINDA,95673,CA,3,2,1193,Residential,Wed May 21 00:00:00 EDT 2008,240122,38.693818,-121.441153,,
9080 BEDROCK CT,SACRAMENTO,95829,CA,4,2,1816,Residential,Mon May 19 00:00:00 EDT 2008,240000,38.456939,-121.362965,,
100 TOURMALINE CIR,SACRAMENTO,95834,CA,5,3,3076,Residential,Mon May 19 00:00:00 EDT 2008,240000,38.63437,-121.510779,,
4085 COUNTRY DR,ANTELOPE,95843,CA,4,3,1915,Residential,Fri May 16 00:00:00 EDT 2008,240000,38.706209,-121.369509,,
9297 TROUT WAY,ELK GROVE,95624,CA,4,2,2367,Residential,Fri May 16 00:00:00 EDT 2008,240000,38.420637,-121.375798,,
3305 RIO ROCA CT,ANTELOPE,95843,CA,4,3,2652,Residential,Mon May 19 00:00:00 EDT 2008,239700,38.725079,-121.387698,,
2566 SERENATA WAY,SACRAMENTO,95835,CA,3,2,1686,Residential,Fri May 16 00:00:00 EDT 2008,239000,38.671556,-121.520916,,
709 CIMMARON CT,GALT,95632,CA,4,2,1798,Residential,Mon May 19 00:00:00 EDT 2008,238861,38.277177,-121.303747,,
3301 PARK DR Unit 1914,SACRAMENTO,95835,CA,3,2,1678,Condo,Mon May 19 00:00:00 EDT 2008,238000,38.665296,-121.531993,,
4243 MIDDLEBURY WAY,MATHER,95655,CA,3,2,2093,Residential,Wed May 21 00:00:00 EDT 2008,237800,38.547991,-121.280483,,
9186 KINBRACE CT,SACRAMENTO,95829,CA,4,3,2235,Residential,Wed May 21 00:00:00 EDT 2008,236685,38.463355,-121.358936,,
2125 22ND AVE,SACRAMENTO,95822,CA,3,1,1291,Residential,Tue May 20 00:00:00 EDT 2008,236250,38.534596,-121.493121,,
617 WILLOW CREEK DR,FOLSOM,95630,CA,3,2,1427,Residential,Mon May 19 00:00:00 EDT 2008,236073,38.679626,-121.142609,,
2887 AZEVEDO DR,SACRAMENTO,95833,CA,4,2,1448,Residential,Wed May 21 00:00:00 EDT 2008,236000,38.618457,-121.509439,,
10949 SCOTSMAN WAY,RANCHO CORDOVA,95670,CA,5,4,2382,Multi-Family,Mon May 19 00:00:00 EDT 2008,236000,38.603686,-121.277844,,
3882 YELLOWSTONE LN,EL DORADO HILLS,95762,CA,3,2,1362,Residential,Thu May 15 00:00:00 EDT 2008,235738,38.655245,-121.075915,,
8304 RED FOX WAY,ELK GROVE,95758,CA,4,2,1685,Residential,Thu May 15 00:00:00 EDT 2008,235301,38.417,-121.397424,,
6613 NAVION DR,CITRUS HEIGHTS,95621,CA,4,2,1277,Residential,Wed May 21 00:00:00 EDT 2008,235000,38.702855,-121.31308,,
51 ANJOU CIR,SACRAMENTO,95835,CA,3,2,2187,Residential,Tue May 20 00:00:00 EDT 2008,235000,38.661658,-121.540633,,
8101 LEMON COVE CT,SACRAMENTO,95828,CA,4,3,1936,Residential,Mon May 19 00:00:00 EDT 2008,235000,38.462981,-121.408288,,
7933 DAFFODIL WAY,CITRUS HEIGHTS,95610,CA,3,2,1216,Residential,Thu May 15 00:00:00 EDT 2008,235000,38.708824,-121.256803,,
10245 LOS PALOS DR,RANCHO CORDOVA,95670,CA,3,2,1287,Residential,Wed May 21 00:00:00 EDT 2008,234697,38.593699,-121.31089,,
7461 WINDBRIDGE DR,SACRAMENTO,95831,CA,2,2,1324,Residential,Mon May 19 00:00:00 EDT 2008,234500,38.48797,-121.530229,,
5340 BIRK WAY,SACRAMENTO,95835,CA,3,2,1776,Residential,Tue May 20 00:00:00 EDT 2008,234000,38.672495,-121.515251,,
8721 SPRUCE RIDGE WAY,ANTELOPE,95843,CA,3,2,1187,Residential,Mon May 19 00:00:00 EDT 2008,234000,38.727657,-121.391028,,
6932 RUSKUT WAY,SACRAMENTO,95823,CA,3,2,1477,Residential,Thu May 15 00:00:00 EDT 2008,234000,38.499893,-121.45889,,
5636 25TH ST,SACRAMENTO,95822,CA,3,1,1058,Residential,Mon May 19 00:00:00 EDT 2008,233641,38.523828,-121.481139,,
8935 MOUNTAIN HOME CT,ELK GROVE,95624,CA,4,2,2111,Residential,Fri May 16 00:00:00 EDT 2008,233500,38.38751,-121.370276,,
2319 THORES ST,RANCHO CORDOVA,95670,CA,3,2,1074,Residential,Fri May 16 00:00:00 EDT 2008,233000,38.59675,-121.312716,,
301 OLIVADI WAY,SACRAMENTO,95834,CA,2,2,1250,Condo,Mon May 19 00:00:00 EDT 2008,232500,38.644406,-121.549049,,
107 JARVIS CIR,SACRAMENTO,95834,CA,5,3,2258,Residential,Fri May 16 00:00:00 EDT 2008,232500,38.639891,-121.537603,,
9169 GARLINGTON CT,SACRAMENTO,95829,CA,4,3,2280,Residential,Thu May 15 00:00:00 EDT 2008,232425,38.457679,-121.35962,,
312 RIVER ISLE WAY,SACRAMENTO,95831,CA,3,2,1375,Residential,Mon May 19 00:00:00 EDT 2008,232000,38.49026,-121.550527,,
5037 J PKWY,SACRAMENTO,95823,CA,3,2,1478,Residential,Wed May 21 00:00:00 EDT 2008,231477,38.491399,-121.443547,,
4508 OLD DAIRY DR,ANTELOPE,95843,CA,4,3,2026,Residential,Mon May 19 00:00:00 EDT 2008,231200,38.72286,-121.358939,,
4709 AMBER LN Unit 1,SACRAMENTO,95841,CA,2,1,756,Condo,Mon May 19 00:00:00 EDT 2008,230522,38.657789,-121.354994,,
3425 MEADOW WAY,ROCKLIN,95677,CA,3,2,1462,Residential,Fri May 16 00:00:00 EDT 2008,230095,38.798028,-121.235364,,
2284 LOS ROBLES RD,MEADOW VISTA,95722,CA,3,1,1216,Residential,Tue May 20 00:00:00 EDT 2008,230000,39.008159,-121.03623,,
8164 CHENIN BLANC LN,FAIR OAKS,95628,CA,2,2,1315,Residential,Tue May 20 00:00:00 EDT 2008,230000,38.665644,-121.259969,,
4620 CHAMBERLIN CIR,ELK GROVE,95757,CA,3,2,1567,Residential,Tue May 20 00:00:00 EDT 2008,230000,38.390557,-121.449805,,
3012 SPOONWOOD WAY,SACRAMENTO,95833,CA,4,2,1871,Residential,Mon May 19 00:00:00 EDT 2008,230000,38.62478,-121.523474,,
8728 CRYSTAL RIVER WAY,SACRAMENTO,95828,CA,3,2,1302,Residential,Mon May 19 00:00:00 EDT 2008,230000,38.47547,-121.380055,,
5601 REXLEIGH DR,SACRAMENTO,95823,CA,4,2,1715,Residential,Thu May 15 00:00:00 EDT 2008,230000,38.445342,-121.441504,,
1909 YARNELL WAY,ELK GROVE,95758,CA,3,2,1262,Residential,Thu May 15 00:00:00 EDT 2008,230000,38.417382,-121.484325,,
441 ARLINGDALE CIR,RIO LINDA,95673,CA,4,2,1475,Residential,Tue May 20 00:00:00 EDT 2008,229665,38.702893,-121.454949,,
5 BISHOPGATE CT,SACRAMENTO,95823,CA,4,2,1329,Residential,Thu May 15 00:00:00 EDT 2008,229500,38.467936,-121.445477,,
2400 INVERNESS DR,LINCOLN,95648,CA,3,2,1358,Residential,Thu May 15 00:00:00 EDT 2008,229027,38.897814,-121.324691,,
8637 PERIWINKLE CIR,ELK GROVE,95624,CA,3,2,1094,Residential,Fri May 16 00:00:00 EDT 2008,229000,38.443184,-121.364388,,
8209 RIVALLO WAY,SACRAMENTO,95829,CA,4,3,2126,Residential,Fri May 16 00:00:00 EDT 2008,228750,38.459524,-121.3501,,
4419 79TH ST,SACRAMENTO,95820,CA,3,2,1212,Residential,Mon May 19 00:00:00 EDT 2008,228327,38.534827,-121.412545,,
9257 CALDERA WAY,SACRAMENTO,95826,CA,4,2,1605,Residential,Tue May 20 00:00:00 EDT 2008,228000,38.55821,-121.355022,,
5024 CHAMBERLIN CIR,ELK GROVE,95757,CA,3,2,1450,Residential,Thu May 15 00:00:00 EDT 2008,228000,38.389756,-121.446246,,
9837 CORTE DORADO CT,ELK GROVE,95624,CA,4,2,1616,Residential,Wed May 21 00:00:00 EDT 2008,227887,38.400676,-121.38101,,
913 COBDEN CT,GALT,95632,CA,4,2,1555,Residential,Mon May 19 00:00:00 EDT 2008,225500,38.282001,-121.295902,,
3035 BRUNNET LN,SACRAMENTO,95833,CA,3,2,1522,Residential,Tue May 20 00:00:00 EDT 2008,225000,38.624762,-121.522775,,
3025 EL PRADO WAY,SACRAMENTO,95825,CA,4,2,1751,Residential,Tue May 20 00:00:00 EDT 2008,225000,38.606603,-121.394147,,
9387 GRANITE FALLS CT,ELK GROVE,95624,CA,3,2,1465,Residential,Tue May 20 00:00:00 EDT 2008,225000,38.419214,-121.348533,,
320 GROTH CIR,SACRAMENTO,95834,CA,3,2,1441,Residential,Fri May 16 00:00:00 EDT 2008,225000,38.638882,-121.531883,,
137 GUNNISON AVE,SACRAMENTO,95838,CA,4,2,1991,Residential,Fri May 16 00:00:00 EDT 2008,225000,38.650729,-121.466483,,
7540 HICKORY AVE,ORANGEVALE,95662,CA,3,1,1456,Residential,Thu May 15 00:00:00 EDT 2008,225000,38.703056,-121.235221,,
7381 WASHBURN WAY,NORTH HIGHLANDS,95660,CA,3,1,960,Residential,Thu May 15 00:00:00 EDT 2008,224252,38.70355,-121.375103,,
3528 SAINT GEORGE DR,SACRAMENTO,95821,CA,3,1,1040,Residential,Thu May 15 00:00:00 EDT 2008,224000,38.629468,-121.376445,,
3318 DAVIDSON DR,ANTELOPE,95843,CA,3,1,988,Residential,Mon May 19 00:00:00 EDT 2008,223139,38.705753,-121.388917,,
8373 BLACKMAN WAY,ELK GROVE,95624,CA,5,3,2136,Residential,Wed May 21 00:00:00 EDT 2008,223058,38.435436,-121.394536,,
4900 ELUDE CT,SACRAMENTO,95842,CA,4,2,1627,Residential,Thu May 15 00:00:00 EDT 2008,223000,38.69674,-121.350519,,
8629 VIA ALTA WAY,ELK GROVE,95624,CA,3,2,1516,Residential,Mon May 19 00:00:00 EDT 2008,222900,38.398245,-121.380615,,
9264 BOULDER RIVER WAY,ELK GROVE,95624,CA,5,2,2254,Residential,Fri May 16 00:00:00 EDT 2008,222750,38.421713,-121.345191,,
6217 LEOLA WAY,SACRAMENTO,95824,CA,3,1,1360,Residential,Tue May 20 00:00:00 EDT 2008,222381,38.513066,-121.451909,,
9176 SAGE GLEN WAY,ELK GROVE,95758,CA,3,2,1338,Residential,Fri May 16 00:00:00 EDT 2008,222000,38.423913,-121.439115,,
1139 CLINTON RD,SACRAMENTO,95825,CA,4,2,1776,Multi-Family,Fri May 16 00:00:00 EDT 2008,221250,38.585291,-121.406824,,
9080 FRESCA WAY,ELK GROVE,95758,CA,4,2,1596,Residential,Wed May 21 00:00:00 EDT 2008,221000,38.427818,-121.424026,,
391 NATALINO CIR,SACRAMENTO,95835,CA,2,2,1341,Residential,Wed May 21 00:00:00 EDT 2008,221000,38.67307,-121.506373,,
7423 WILSALL CT,ELK GROVE,95758,CA,4,3,1739,Residential,Mon May 19 00:00:00 EDT 2008,221000,38.417026,-121.416821,,
5532 ENGLE RD,CARMICHAEL,95608,CA,2,2,1637,Residential,Fri May 16 00:00:00 EDT 2008,220702,38.63173,-121.335286,,
7535 ALMA VISTA WAY,SACRAMENTO,95831,CA,2,1,950,Residential,Mon May 19 00:00:00 EDT 2008,220000,38.48403,-121.507641,,
1528 HESKET WAY,SACRAMENTO,95825,CA,4,2,1566,Residential,Fri May 16 00:00:00 EDT 2008,220000,38.593598,-121.403637,,
2327 32ND ST,SACRAMENTO,95817,CA,2,1,1115,Residential,Fri May 16 00:00:00 EDT 2008,220000,38.557433,-121.47034,,
1833 2ND AVE,SACRAMENTO,95818,CA,2,1,1032,Residential,Fri May 16 00:00:00 EDT 2008,220000,38.556818,-121.490669,,
7252 CARRIAGE DR,CITRUS HEIGHTS,95621,CA,4,2,1419,Residential,Fri May 16 00:00:00 EDT 2008,220000,38.698058,-121.294893,,
9815 PASO FINO WAY,ELK GROVE,95757,CA,3,2,1261,Residential,Fri May 16 00:00:00 EDT 2008,220000,38.404888,-121.443998,,
9185 CERROLINDA CIR,ELK GROVE,95758,CA,3,2,1418,Residential,Thu May 15 00:00:00 EDT 2008,220000,38.424497,-121.426595,,
5429 HESPER WAY,CARMICHAEL,95608,CA,4,2,1319,Residential,Thu May 15 00:00:00 EDT 2008,220000,38.665104,-121.315901,,
1178 WARMWOOD CT,GALT,95632,CA,4,2,1770,Residential,Thu May 15 00:00:00 EDT 2008,220000,38.289544,-121.284607,,
10085 ATKINS DR,ELK GROVE,95757,CA,3,2,1302,Residential,Thu May 15 00:00:00 EDT 2008,219794,38.390893,-121.437821,,
8445 OLD AUBURN RD,CITRUS HEIGHTS,95610,CA,3,2,1882,Residential,Thu May 15 00:00:00 EDT 2008,219000,38.715423,-121.246743,,
110 COPPER LEAF WAY,SACRAMENTO,95838,CA,3,2,2142,Residential,Mon May 19 00:00:00 EDT 2008,218000,38.658466,-121.460661,,
624 HOVEY WAY,ROSEVILLE,95678,CA,3,2,1758,Residential,Mon May 19 00:00:00 EDT 2008,217500,38.756149,-121.306479,,
636 CRESTVIEW DR,DIAMOND SPRINGS,95619,CA,3,2,1300,Residential,Fri May 16 00:00:00 EDT 2008,216033,38.688255,-120.810235,,
7809 VALLECITOS WAY,SACRAMENTO,95828,CA,3,1,888,Residential,Thu May 15 00:00:00 EDT 2008,216021,38.508217,-121.411207,,
9020 LUKEN CT,ELK GROVE,95624,CA,3,2,1416,Residential,Thu May 15 00:00:00 EDT 2008,216000,38.451398,-121.366614,,
308 ATKINSON ST,ROSEVILLE,95678,CA,3,1,998,Residential,Mon May 19 00:00:00 EDT 2008,215100,38.746794,-121.29971,,
5805 HIMALAYA WAY,CITRUS HEIGHTS,95621,CA,4,2,1578,Residential,Tue May 20 00:00:00 EDT 2008,215000,38.696489,-121.328555,,
7944 SYLVAN OAK WAY,CITRUS HEIGHTS,95610,CA,3,2,1317,Residential,Tue May 20 00:00:00 EDT 2008,215000,38.710388,-121.261096,,
2945 RED HAWK WAY,SACRAMENTO,95833,CA,4,2,1856,Residential,Mon May 19 00:00:00 EDT 2008,215000,38.619675,-121.496903,,
3228 I ST,SACRAMENTO,95816,CA,4,3,1939,Residential,Mon May 19 00:00:00 EDT 2008,215000,38.573844,-121.462839,,
9552 SUNLIGHT LN,ELK GROVE,95758,CA,3,2,1351,Residential,Fri May 16 00:00:00 EDT 2008,215000,38.410561,-121.404327,,
1407 TIFFANY CIR,ROSEVILLE,95661,CA,4,1,1376,Residential,Fri May 16 00:00:00 EDT 2008,215000,38.736392,-121.2664,,
8442 KEUSMAN ST,ELK GROVE,95758,CA,4,2,2329,Residential,Fri May 16 00:00:00 EDT 2008,213750,38.449651,-121.414704,,
6344 LAGUNA MIRAGE LN,ELK GROVE,95758,CA,2,2,1112,Residential,Mon May 19 00:00:00 EDT 2008,213697,38.423963,-121.428875,,
8167 DERBY PARK CT,SACRAMENTO,95828,CA,4,2,1872,Residential,Mon May 19 00:00:00 EDT 2008,213675,38.460492,-121.373379,,
7958 ROSEVIEW WAY,SACRAMENTO,95828,CA,3,2,1450,Residential,Thu May 15 00:00:00 EDT 2008,213000,38.467836,-121.410366,,
8345 STAR THISTLE WAY,SACRAMENTO,95823,CA,4,2,1590,Residential,Wed May 21 00:00:00 EDT 2008,212864,38.454349,-121.439239,,
7213 CALVIN DR,CITRUS HEIGHTS,95621,CA,3,1,1258,Residential,Mon May 19 00:00:00 EDT 2008,212000,38.698154,-121.298375,,
8428 MISTY PASS WAY,ANTELOPE,95843,CA,3,2,1517,Residential,Thu May 15 00:00:00 EDT 2008,212000,38.722959,-121.347115,,
1889 COLD SPRINGS RD,PLACERVILLE,95667,CA,2,1,948,Residential,Tue May 20 00:00:00 EDT 2008,211500,38.739774,-120.860243,,
8652 BANTON CIR,ELK GROVE,95624,CA,4,2,1740,Residential,Thu May 15 00:00:00 EDT 2008,211500,38.444,-121.370993,,
1900 DANBROOK DR,SACRAMENTO,95835,CA,1,1,984,Condo,Fri May 16 00:00:00 EDT 2008,210944,38.668433,-121.503471,,
9474 VILLAGE TREE DR,ELK GROVE,95758,CA,4,2,1776,Residential,Mon May 19 00:00:00 EDT 2008,210000,38.413947,-121.408276,,
20 GROTH CIR,SACRAMENTO,95834,CA,3,2,1232,Residential,Fri May 16 00:00:00 EDT 2008,210000,38.640807,-121.533522,,
82 WILDFLOWER DR,GALT,95632,CA,3,2,1262,Residential,Thu May 15 00:00:00 EDT 2008,209347,38.259708,-121.311616,,
6080 BRIDGECROSS DR,SACRAMENTO,95835,CA,3,2,1120,Residential,Fri May 16 00:00:00 EDT 2008,209000,38.681952,-121.505009,,
6920 GILLINGHAM WAY,NORTH HIGHLANDS,95660,CA,3,1,1310,Residential,Thu May 15 00:00:00 EDT 2008,208318,38.694279,-121.373395,,
2100 BEATTY WAY,ROSEVILLE,95747,CA,3,2,1371,Residential,Thu May 15 00:00:00 EDT 2008,208250,38.737882,-121.308142,,
170 PENHOW CIR,SACRAMENTO,95834,CA,3,2,1511,Residential,Wed May 21 00:00:00 EDT 2008,208000,38.653439,-121.535169,,
8165 AYN RAND CT,SACRAMENTO,95828,CA,4,3,1940,Residential,Mon May 19 00:00:00 EDT 2008,208000,38.468639,-121.403265,,
416 LEITCH AVE,SACRAMENTO,95815,CA,2,1,795,Residential,Thu May 15 00:00:00 EDT 2008,207973,38.612694,-121.456669,,
7901 GAZELLE TRAIL WAY,ANTELOPE,95843,CA,4,2,1953,Residential,Fri May 16 00:00:00 EDT 2008,207744,38.71174,-121.342675,,
4232 71ST ST,SACRAMENTO,95820,CA,2,1,723,Residential,Tue May 20 00:00:00 EDT 2008,207000,38.536741,-121.42115,,
6671 FOXWOOD CT,SACRAMENTO,95841,CA,4,2,1766,Residential,Mon May 19 00:00:00 EDT 2008,207000,38.687943,-121.328883,,
1986 DANVERS WAY,SACRAMENTO,95832,CA,4,2,1800,Residential,Fri May 16 00:00:00 EDT 2008,207000,38.47723,-121.492568,,
5209 LAGUNA CREST WAY,ELK GROVE,95758,CA,2,2,1189,Residential,Thu May 15 00:00:00 EDT 2008,207000,38.424421,-121.443915,,
3230 SMATHERS WAY,CARMICHAEL,95608,CA,3,2,1296,Residential,Thu May 15 00:00:00 EDT 2008,205900,38.623372,-121.347665,,
2328 DOROTHY JUNE WAY,SACRAMENTO,95838,CA,3,2,1430,Residential,Fri May 16 00:00:00 EDT 2008,205878,38.641727,-121.412703,,
8151 QUAIL RIDGE CT,SACRAMENTO,95828,CA,3,2,1289,Residential,Tue May 20 00:00:00 EDT 2008,205000,38.461296,-121.390858,,
4899 WIND CREEK DR,SACRAMENTO,95838,CA,4,2,1799,Residential,Tue May 20 00:00:00 EDT 2008,205000,38.655887,-121.446119,,
6049 HAMBURG WAY,SACRAMENTO,95823,CA,4,3,1953,Residential,Tue May 20 00:00:00 EDT 2008,205000,38.443253,-121.431992,,
8716 LONGSPUR WAY,ANTELOPE,95843,CA,3,2,1479,Residential,Fri May 16 00:00:00 EDT 2008,205000,38.724083,-121.3584,,
6320 EL DORADO ST,EL DORADO,95623,CA,2,1,1040,Residential,Fri May 16 00:00:00 EDT 2008,205000,38.678758,-120.844118,,
6600 SILVERTHORNE CIR,SACRAMENTO,95842,CA,4,3,1968,Residential,Thu May 15 00:00:00 EDT 2008,205000,38.68607,-121.342369,,
2221 2ND AVE,SACRAMENTO,95818,CA,2,2,1089,Residential,Thu May 15 00:00:00 EDT 2008,205000,38.555781,-121.485331,,
7849 BONNY DOWNS WAY,ELK GROVE,95758,CA,4,2,2306,Residential,Fri May 16 00:00:00 EDT 2008,204918,38.42139,-121.411339,,
8789 SEQUOIA WOOD CT,ELK GROVE,95624,CA,4,2,1609,Residential,Thu May 15 00:00:00 EDT 2008,204750,38.438818,-121.37443,,
909 SINGINGWOOD RD,SACRAMENTO,95864,CA,2,1,930,Residential,Mon May 19 00:00:00 EDT 2008,203000,38.581471,-121.38839,,
5954 BRIDGECROSS DR,SACRAMENTO,95835,CA,3,2,1358,Residential,Thu May 15 00:00:00 EDT 2008,201528,38.68197,-121.500025,,
5733 ANGELINA AVE,CARMICHAEL,95608,CA,3,1,972,Residential,Fri May 16 00:00:00 EDT 2008,201000,38.622634,-121.330846,,
1 KENNELFORD CIR,SACRAMENTO,95823,CA,3,2,1144,Residential,Mon May 19 00:00:00 EDT 2008,200345,38.46452,-121.427606,,
120 GRANT LN,FOLSOM,95630,CA,3,2,1820,Residential,Wed May 21 00:00:00 EDT 2008,200000,38.687742,-121.17104,,
5907 ELLERSLEE DR,CARMICHAEL,95608,CA,3,1,936,Residential,Wed May 21 00:00:00 EDT 2008,200000,38.664468,-121.32683,,
4437 MITCHUM CT,ANTELOPE,95843,CA,3,2,1393,Residential,Tue May 20 00:00:00 EDT 2008,200000,38.704407,-121.36113,,
6908 PIN OAK CT,FAIR OAKS,95628,CA,3,1,1144,Residential,Fri May 16 00:00:00 EDT 2008,200000,38.66424,-121.303675,,
815 CROSSWIND DR,SACRAMENTO,95838,CA,3,2,1231,Residential,Thu May 15 00:00:00 EDT 2008,200000,38.651386,-121.45042,,
5509 LAGUNA CREST WAY,ELK GROVE,95758,CA,3,2,1175,Residential,Thu May 15 00:00:00 EDT 2008,200000,38.42442,-121.440357,,
8424 MERRY HILL WAY,ELK GROVE,95624,CA,3,2,1416,Residential,Thu May 15 00:00:00 EDT 2008,200000,38.452075,-121.366461,,
2880 CANDIDO DR,SACRAMENTO,95833,CA,3,2,1127,Residential,Fri May 16 00:00:00 EDT 2008,199900,38.618019,-121.510215,,
8708 MESA BROOK WAY,ELK GROVE,95624,CA,4,2,1715,Residential,Wed May 21 00:00:00 EDT 2008,199500,38.44076,-121.385792,,
6930 HAMPTON COVE WAY,SACRAMENTO,95823,CA,3,2,1266,Residential,Wed May 21 00:00:00 EDT 2008,198000,38.44004,-121.421012,,
6128 CARL SANDBURG CIR,SACRAMENTO,95842,CA,3,1,1009,Residential,Mon May 19 00:00:00 EDT 2008,198000,38.681541,-121.355616,,
3522 22ND AVE,SACRAMENTO,95820,CA,3,1,1150,Residential,Fri May 16 00:00:00 EDT 2008,198000,38.532725,-121.469078,,
7409 VOYAGER WAY,CITRUS HEIGHTS,95621,CA,3,1,1073,Residential,Thu May 15 00:00:00 EDT 2008,198000,38.700717,-121.3133,,
508 SAMUEL WAY,SACRAMENTO,95838,CA,3,2,1505,Residential,Mon May 19 00:00:00 EDT 2008,197654,38.645689,-121.452766,,
8001 ARROYO VISTA DR,SACRAMENTO,95823,CA,3,2,1677,Residential,Thu May 15 00:00:00 EDT 2008,195500,38.46734,-121.419843,,
7624 BOGEY CT,SACRAMENTO,95828,CA,4,4,2162,Multi-Family,Wed May 21 00:00:00 EDT 2008,195000,38.48009,-121.415102,,
3949 WILDROSE WAY,SACRAMENTO,95826,CA,3,1,1174,Residential,Tue May 20 00:00:00 EDT 2008,195000,38.543697,-121.366683,,
3801 WILDROSE WAY,SACRAMENTO,95826,CA,3,1,1356,Residential,Mon May 19 00:00:00 EDT 2008,195000,38.544368,-121.369979,,
7015 WOODSIDE DR,SACRAMENTO,95842,CA,4,2,1578,Residential,Fri May 16 00:00:00 EDT 2008,195000,38.693071,-121.332365,,
6019 CHESHIRE WAY,CITRUS HEIGHTS,95610,CA,4,3,1736,Residential,Fri May 16 00:00:00 EDT 2008,195000,38.676437,-121.279165,,
2561 VERNA WAY,SACRAMENTO,95821,CA,3,1,1473,Residential,Fri May 16 00:00:00 EDT 2008,195000,38.611055,-121.369964,,
7895 CABER WAY,ANTELOPE,95843,CA,3,2,1362,Residential,Wed May 21 00:00:00 EDT 2008,194818,38.711279,-121.393449,,
7005 TIANT WAY,ELK GROVE,95758,CA,3,2,1586,Residential,Wed May 21 00:00:00 EDT 2008,194000,38.422811,-121.423285,,
7031 CANEVALLEY CIR,CITRUS HEIGHTS,95621,CA,3,2,1137,Residential,Tue May 20 00:00:00 EDT 2008,194000,38.718693,-121.303619,,
4290 BLACKFORD WAY,SACRAMENTO,95823,CA,3,2,1513,Residential,Fri May 16 00:00:00 EDT 2008,193500,38.470494,-121.454162,,
2909 SHAWN WAY,RANCHO CORDOVA,95670,CA,3,2,1452,Residential,Fri May 16 00:00:00 EDT 2008,193000,38.589925,-121.299059,,
5938 WOODBRIAR WAY,CITRUS HEIGHTS,95621,CA,3,2,1329,Residential,Mon May 19 00:00:00 EDT 2008,192700,38.706152,-121.325399,,
2617 BASS CT,SACRAMENTO,95826,CA,3,2,1280,Residential,Wed May 21 00:00:00 EDT 2008,192067,38.560767,-121.377471,,
212 CAPPUCINO WAY,SACRAMENTO,95838,CA,3,2,1353,Residential,Mon May 19 00:00:00 EDT 2008,192000,38.657811,-121.465327,,
1973 DANVERS WAY,SACRAMENTO,95832,CA,3,2,1638,Residential,Thu May 15 00:00:00 EDT 2008,191675,38.477568,-121.492574,,
1347 HIDALGO CIR,ROSEVILLE,95747,CA,3,2,1154,Residential,Mon May 19 00:00:00 EDT 2008,191500,38.747878,-121.311279,,
4854 TANGERINE AVE,SACRAMENTO,95823,CA,3,2,1386,Residential,Fri May 16 00:00:00 EDT 2008,191250,38.478239,-121.446326,,
6601 WOODMORE OAKS DR,ORANGEVALE,95662,CA,3,2,1294,Residential,Thu May 15 00:00:00 EDT 2008,191250,38.687006,-121.254319,,
8952 ROCKY CREEK CT,ELK GROVE,95758,CA,3,2,1273,Residential,Fri May 16 00:00:00 EDT 2008,190000,38.431239,-121.44001,,
435 EXCHANGE ST,SACRAMENTO,95838,CA,3,1,1082,Residential,Fri May 16 00:00:00 EDT 2008,190000,38.659434,-121.455236,,
10105 MONTE VALLO CT,SACRAMENTO,95827,CA,4,2,1578,Residential,Fri May 16 00:00:00 EDT 2008,190000,38.573917,-121.316916,,
3930 ANNABELLE AVE,ROSEVILLE,95661,CA,2,1,796,Residential,Fri May 16 00:00:00 EDT 2008,190000,38.727609,-121.226494,,
27 MEGAN CT,SACRAMENTO,95838,CA,4,2,1887,Residential,Thu May 15 00:00:00 EDT 2008,190000,38.649258,-121.465308,,
6622 WILLOWLEAF DR,CITRUS HEIGHTS,95621,CA,4,3,1892,Residential,Thu May 15 00:00:00 EDT 2008,189836,38.699714,-121.311635,,
8317 SUNNY CREEK WAY,SACRAMENTO,95823,CA,3,2,1420,Residential,Wed May 21 00:00:00 EDT 2008,189000,38.459041,-121.424644,,
5925 MALEVILLE AVE,CARMICHAEL,95608,CA,4,2,1120,Residential,Tue May 20 00:00:00 EDT 2008,189000,38.666564,-121.325717,,
5501 VALLETTA WAY,SACRAMENTO,95820,CA,3,1,1039,Residential,Thu May 15 00:00:00 EDT 2008,189000,38.530144,-121.43749,,
5624 MEMORY LN,FAIR OAKS,95628,CA,3,1,1529,Residential,Thu May 15 00:00:00 EDT 2008,189000,38.66745,-121.2364,,
404 6TH ST,GALT,95632,CA,3,1,1479,Residential,Wed May 21 00:00:00 EDT 2008,188741,38.251808,-121.302493,,
1080 RIO NORTE WAY,SACRAMENTO,95834,CA,3,2,1428,Residential,Thu May 15 00:00:00 EDT 2008,188700,38.634335,-121.486098,,
8 TIDE CT,SACRAMENTO,95833,CA,3,2,1328,Residential,Fri May 16 00:00:00 EDT 2008,188335,38.609864,-121.492304,,
1786 PIEDMONT WAY,ROSEVILLE,95661,CA,3,1,1152,Residential,Mon May 19 00:00:00 EDT 2008,188325,38.72748,-121.256537,,
1910 BONAVISTA WAY,SACRAMENTO,95832,CA,3,2,1638,Residential,Fri May 16 00:00:00 EDT 2008,187000,38.476048,-121.494961,,
8817 SAWTELLE WAY,SACRAMENTO,95826,CA,4,2,1139,Residential,Fri May 16 00:00:00 EDT 2008,186785,38.565322,-121.374251,,
8369 FOPPIANO WAY,SACRAMENTO,95829,CA,3,2,1124,Residential,Fri May 16 00:00:00 EDT 2008,185833,38.453839,-121.357919,,
7577 EDDYLEE WAY,SACRAMENTO,95822,CA,4,2,1436,Residential,Fri May 16 00:00:00 EDT 2008,185074,38.48291,-121.491509,,
8907 GEMWOOD WAY,ELK GROVE,95758,CA,3,2,1555,Residential,Tue May 20 00:00:00 EDT 2008,185000,38.435471,-121.441173,,
8570 SHERATON DR,FAIR OAKS,95628,CA,3,1,960,Residential,Thu May 15 00:00:00 EDT 2008,185000,38.667254,-121.240708,,
2219 EL CANTO CIR,RANCHO CORDOVA,95670,CA,4,2,1829,Residential,Tue May 20 00:00:00 EDT 2008,184500,38.592383,-121.318669,,
9021 MADISON AVE,ORANGEVALE,95662,CA,4,2,1603,Residential,Wed May 21 00:00:00 EDT 2008,183200,38.664186,-121.217511,,
306 CAMELLIA WAY,GALT,95632,CA,3,2,1130,Residential,Wed May 21 00:00:00 EDT 2008,182750,38.260443,-121.297864,,
4844 CLYDEBANK WAY,ANTELOPE,95843,CA,3,2,1215,Residential,Wed May 21 00:00:00 EDT 2008,182716,38.714609,-121.347887,,
5993 SAWYER CIR,SACRAMENTO,95823,CA,4,3,1851,Residential,Wed May 21 00:00:00 EDT 2008,182587,38.4473,-121.435218,,
1207 CRESCENDO DR,ROSEVILLE,95678,CA,3,2,1770,Residential,Fri May 16 00:00:00 EDT 2008,182587,38.72446,-121.292829,,
8284 RED FOX WAY,ELK GROVE,95758,CA,4,2,1685,Residential,Tue May 20 00:00:00 EDT 2008,182000,38.417182,-121.397231,,
7110 STELLA LN Unit 15,CARMICHAEL,95608,CA,2,2,1000,Condo,Mon May 19 00:00:00 EDT 2008,182000,38.637396,-121.300055,,
540 HARLING CT,RIO LINDA,95673,CA,3,2,1093,Residential,Fri May 16 00:00:00 EDT 2008,182000,38.68279,-121.453509,,
5332 SANDSTONE ST,CARMICHAEL,95608,CA,3,1,1152,Residential,Wed May 21 00:00:00 EDT 2008,181872,38.662105,-121.313945,,
9012 KIEFER BLVD,SACRAMENTO,95826,CA,3,2,1172,Residential,Wed May 21 00:00:00 EDT 2008,181000,38.547011,-121.366217,,
24 WINDCHIME CT,SACRAMENTO,95823,CA,3,2,1593,Residential,Fri May 16 00:00:00 EDT 2008,181000,38.44617,-121.427824,,
7129 SPRINGMONT DR,ELK GROVE,95758,CA,3,2,1716,Residential,Tue May 20 00:00:00 EDT 2008,180400,38.417649,-121.420294,,
7863 CRESTLEIGH CT,ANTELOPE,95843,CA,2,2,1007,Residential,Tue May 20 00:00:00 EDT 2008,180000,38.710889,-121.358876,,
8593 DERLIN WAY,SACRAMENTO,95823,CA,3,2,1436,Residential,Mon May 19 00:00:00 EDT 2008,180000,38.447585,-121.426627,,
9273 PREMIER WAY,SACRAMENTO,95826,CA,3,2,1451,Residential,Mon May 19 00:00:00 EDT 2008,180000,38.55992,-121.352539,,
8032 DUSENBERG CT,SACRAMENTO,95828,CA,4,2,1638,Residential,Mon May 19 00:00:00 EDT 2008,180000,38.466499,-121.381119,,
2421 BERRYWOOD DR,RANCHO CORDOVA,95670,CA,3,2,1157,Residential,Fri May 16 00:00:00 EDT 2008,180000,38.60868,-121.27849,,
1005 MORENO WAY,SACRAMENTO,95838,CA,3,2,1410,Residential,Fri May 16 00:00:00 EDT 2008,180000,38.646206,-121.442767,,
1675 VERNON ST Unit 24,ROSEVILLE,95678,CA,3,2,1174,Residential,Fri May 16 00:00:00 EDT 2008,180000,38.734136,-121.299639,,
4520 BOMARK WAY,SACRAMENTO,95842,CA,4,2,1943,Multi-Family,Wed May 21 00:00:00 EDT 2008,179580,38.665724,-121.358576,,
9 WIND CT,SACRAMENTO,95823,CA,4,2,1497,Residential,Thu May 15 00:00:00 EDT 2008,179500,38.45073,-121.427528,,
5841 VALLEY VALE WAY,SACRAMENTO,95823,CA,3,2,1265,Residential,Tue May 20 00:00:00 EDT 2008,179000,38.461283,-121.434322,,
8531 HERMITAGE WAY,SACRAMENTO,95823,CA,4,2,1695,Residential,Fri May 16 00:00:00 EDT 2008,179000,38.448452,-121.428536,,
1122 WILD POPPY CT,GALT,95632,CA,3,2,1406,Residential,Wed May 21 00:00:00 EDT 2008,178760,38.287789,-121.294715,,
7957 VALLEY GREEN DR,SACRAMENTO,95823,CA,3,2,1185,Residential,Wed May 21 00:00:00 EDT 2008,178480,38.465184,-121.434925,,
4649 FREEWAY CIR,SACRAMENTO,95841,CA,3,2,1120,Residential,Mon May 19 00:00:00 EDT 2008,178000,38.658734,-121.357196,,
7800 TABARE CT,CITRUS HEIGHTS,95621,CA,3,2,1199,Residential,Fri May 16 00:00:00 EDT 2008,178000,38.70799,-121.302979,,
8879 APPLE PEAR CT,ELK GROVE,95624,CA,4,2,1477,Residential,Thu May 15 00:00:00 EDT 2008,176850,38.44574,-121.3725,,
8244 SUNBIRD WAY,SACRAMENTO,95823,CA,3,2,1740,Residential,Tue May 20 00:00:00 EDT 2008,176250,38.457654,-121.431381,,
1792 DAWNELLE WAY,SACRAMENTO,95835,CA,3,2,1170,Residential,Fri May 16 00:00:00 EDT 2008,176250,38.68271,-121.501697,,
3529 FABERGE WAY,SACRAMENTO,95826,CA,3,2,1200,Residential,Fri May 16 00:00:00 EDT 2008,176095,38.553275,-121.346218,,
2460 EL ROCCO WAY,RANCHO CORDOVA,95670,CA,3,2,1671,Residential,Tue May 20 00:00:00 EDT 2008,175000,38.591477,-121.31534,,
2250 FOREBAY RD,POLLOCK PINES,95726,CA,3,1,1320,Residential,Fri May 16 00:00:00 EDT 2008,175000,38.77491,-120.597599,,
8156 STEINBECK WAY,SACRAMENTO,95828,CA,4,2,1714,Residential,Wed May 21 00:00:00 EDT 2008,174313,38.474853,-121.406326,,
7223 KALLIE KAY LN,SACRAMENTO,95823,CA,3,2,1463,Residential,Wed May 21 00:00:00 EDT 2008,174250,38.477553,-121.419463,,
1140 EDMONTON DR,SACRAMENTO,95833,CA,3,2,1204,Residential,Thu May 15 00:00:00 EDT 2008,174250,38.62457,-121.486913,,
332 PALIN AVE,GALT,95632,CA,3,2,1204,Residential,Mon May 19 00:00:00 EDT 2008,174000,38.260467,-121.302636,,
8916 GABLES MILL PL,ELK GROVE,95758,CA,3,2,1340,Residential,Thu May 15 00:00:00 EDT 2008,174000,38.433919,-121.422347,,
7045 PEEVEY CT,SACRAMENTO,95823,CA,2,2,904,Residential,Thu May 15 00:00:00 EDT 2008,173056,38.502254,-121.451444,,
8299 HALBRITE WAY,SACRAMENTO,95828,CA,4,2,1590,Residential,Wed May 21 00:00:00 EDT 2008,173000,38.473814,-121.4,,
4480 VALLEY HI DR,SACRAMENTO,95823,CA,3,2,1650,Residential,Fri May 16 00:00:00 EDT 2008,173000,38.466781,-121.450955,,
26 KAMSON CT,SACRAMENTO,95833,CA,3,2,1582,Residential,Thu May 15 00:00:00 EDT 2008,172000,38.622794,-121.499173,,
7687 HOWERTON DR,SACRAMENTO,95831,CA,2,2,1177,Residential,Thu May 15 00:00:00 EDT 2008,171750,38.480859,-121.539745,,
7342 DAVE ST,SACRAMENTO,95828,CA,3,1,1638,Residential,Thu May 15 00:00:00 EDT 2008,170725,38.490822,-121.401643,,
8884 AMBERJACK WAY,SACRAMENTO,95828,CA,3,2,2161,Residential,Fri May 16 00:00:00 EDT 2008,170250,38.479343,-121.372553,,
9417 SARA ST,ELK GROVE,95624,CA,3,2,1188,Residential,Wed May 21 00:00:00 EDT 2008,170000,38.415518,-121.370527,,
7108 HEATHER TREE DR,SACRAMENTO,95842,CA,3,2,1159,Residential,Mon May 19 00:00:00 EDT 2008,170000,38.695677,-121.36022,,
2956 DAVENPORT WAY,SACRAMENTO,95833,CA,4,2,1917,Residential,Mon May 19 00:00:00 EDT 2008,170000,38.620687,-121.482619,,
10062 LINCOLN VILLAGE DR,SACRAMENTO,95827,CA,3,2,1520,Residential,Mon May 19 00:00:00 EDT 2008,170000,38.564,-121.320023,,
8300 LICHEN DR,CITRUS HEIGHTS,95621,CA,3,1,1103,Residential,Fri May 16 00:00:00 EDT 2008,170000,38.71641,-121.306239,,
604 P ST,LINCOLN,95648,CA,3,2,1104,Residential,Thu May 15 00:00:00 EDT 2008,170000,38.893168,-121.305398,,
7351 GIGI PL,SACRAMENTO,95828,CA,4,2,1859,Multi-Family,Thu May 15 00:00:00 EDT 2008,170000,38.490606,-121.410173,,
7740 DIXIE LOU ST,SACRAMENTO,95832,CA,3,2,1232,Residential,Thu May 15 00:00:00 EDT 2008,170000,38.475853,-121.477039,,
4500 TIPPWOOD WAY,SACRAMENTO,95842,CA,3,2,1159,Residential,Tue May 20 00:00:00 EDT 2008,169000,38.69951,-121.359989,,
1001 RIO NORTE WAY,SACRAMENTO,95834,CA,3,2,1202,Residential,Thu May 15 00:00:00 EDT 2008,169000,38.634292,-121.485106,,
4008 GREY LIVERY WAY,ANTELOPE,95843,CA,3,2,1669,Residential,Fri May 16 00:00:00 EDT 2008,168750,38.71846,-121.370862,,
8920 ROSETTA CIR,SACRAMENTO,95826,CA,3,1,1029,Residential,Fri May 16 00:00:00 EDT 2008,168750,38.544374,-121.370874,,
4431 GREEN TREE DR,SACRAMENTO,95823,CA,3,2,1477,Residential,Wed May 21 00:00:00 EDT 2008,168000,38.499954,-121.454469,,
8515 DARTFORD DR,SACRAMENTO,95823,CA,3,2,1439,Residential,Tue May 20 00:00:00 EDT 2008,168000,38.448288,-121.420719,,
5217 ARGO WAY,SACRAMENTO,95820,CA,3,1,1039,Residential,Mon May 19 00:00:00 EDT 2008,168000,38.52774,-121.433669,,
5937 YORK GLEN WAY,SACRAMENTO,95842,CA,5,2,1712,Residential,Fri May 16 00:00:00 EDT 2008,168000,38.677003,-121.354454,,
6417 SUNNYFIELD WAY,SACRAMENTO,95823,CA,4,2,1580,Residential,Fri May 16 00:00:00 EDT 2008,168000,38.449153,-121.428272,,
8306 CURLEW CT,CITRUS HEIGHTS,95621,CA,4,2,1280,Residential,Mon May 19 00:00:00 EDT 2008,167293,38.715781,-121.298519,,
8306 CURLEW CT,CITRUS HEIGHTS,95621,CA,4,2,1280,Residential,Mon May 19 00:00:00 EDT 2008,167293,38.715781,-121.298519,,
6121 ALPINESPRING WAY,ELK GROVE,95758,CA,3,2,1240,Residential,Fri May 16 00:00:00 EDT 2008,167293,38.434075,-121.432623,,
746 MOOSE CREEK WAY,GALT,95632,CA,3,2,1100,Residential,Mon May 19 00:00:00 EDT 2008,167000,38.283085,-121.302071,,
7420 ALIX PKWY,SACRAMENTO,95823,CA,4,1,1955,Residential,Wed May 21 00:00:00 EDT 2008,166357,38.489405,-121.452811,,
3820 NATOMA WAY,SACRAMENTO,95838,CA,4,2,1656,Residential,Wed May 21 00:00:00 EDT 2008,166357,38.636748,-121.422159,,
6517 DONEGAL DR,CITRUS HEIGHTS,95621,CA,3,1,1344,Residential,Thu May 15 00:00:00 EDT 2008,166000,38.681554,-121.312934,,
8008 SAINT HELENA CT,SACRAMENTO,95829,CA,4,2,1608,Residential,Thu May 15 00:00:00 EDT 2008,165750,38.467012,-121.359969,,
8421 SUNBLAZE WAY,SACRAMENTO,95823,CA,4,2,1580,Residential,Wed May 21 00:00:00 EDT 2008,165000,38.450543,-121.432538,,
3228 BAGGAN CT,ANTELOPE,95843,CA,3,2,1392,Residential,Tue May 20 00:00:00 EDT 2008,165000,38.715346,-121.388163,,
6485 LAGUNA MIRAGE LN,ELK GROVE,95758,CA,2,2,1112,Residential,Mon May 19 00:00:00 EDT 2008,165000,38.42465,-121.430137,,
8225 SCOTTSDALE DR,SACRAMENTO,95828,CA,4,2,1549,Residential,Fri May 16 00:00:00 EDT 2008,165000,38.487864,-121.402476,,
8758 LEMAS RD,SACRAMENTO,95828,CA,3,2,1410,Residential,Fri May 16 00:00:00 EDT 2008,165000,38.467487,-121.377055,,
2601 SAN FERNANDO WAY,SACRAMENTO,95818,CA,2,1,881,Residential,Thu May 15 00:00:00 EDT 2008,165000,38.556178,-121.476256,,
2622 ERIN DR,SACRAMENTO,95833,CA,4,1,1120,Residential,Wed May 21 00:00:00 EDT 2008,164000,38.613765,-121.488694,,
6632 IBEX WOODS CT,CITRUS HEIGHTS,95621,CA,2,2,1162,Residential,Mon May 19 00:00:00 EDT 2008,164000,38.720868,-121.309855,,
117 EVCAR WAY,RIO LINDA,95673,CA,3,2,1182,Residential,Mon May 19 00:00:00 EDT 2008,164000,38.687659,-121.4633,,
5920 VALLEY GLEN WAY,SACRAMENTO,95823,CA,3,2,1265,Residential,Thu May 15 00:00:00 EDT 2008,164000,38.462821,-121.433135,,
925 COBDEN CT,GALT,95632,CA,3,2,1140,Residential,Fri May 16 00:00:00 EDT 2008,162000,38.282047,-121.295812,,
4631 11TH AVE,SACRAMENTO,95820,CA,2,1,1321,Residential,Tue May 20 00:00:00 EDT 2008,161829,38.541965,-121.452132,,
7140 BLUE SPRINGS WAY,CITRUS HEIGHTS,95621,CA,3,2,1156,Residential,Tue May 20 00:00:00 EDT 2008,161653,38.720653,-121.302241,,
4517 OLYMPIAD WAY,SACRAMENTO,95826,CA,4,2,1483,Residential,Fri May 16 00:00:00 EDT 2008,161600,38.536751,-121.359154,,
7315 KOALA CT,NORTH HIGHLANDS,95660,CA,4,2,1587,Residential,Wed May 21 00:00:00 EDT 2008,161500,38.699251,-121.371414,,
3536 SUN MAIDEN WAY,ANTELOPE,95843,CA,3,2,1711,Residential,Fri May 16 00:00:00 EDT 2008,161500,38.70968,-121.382328,,
5708 RIDGEPOINT DR,ANTELOPE,95843,CA,2,2,1043,Residential,Wed May 21 00:00:00 EDT 2008,161250,38.72027,-121.331555,,
8321 MISTLETOE WAY,CITRUS HEIGHTS,95621,CA,4,2,1381,Residential,Thu May 15 00:00:00 EDT 2008,161250,38.717738,-121.308322,,
8363 LANGTREE WAY,SACRAMENTO,95823,CA,3,2,1452,Residential,Mon May 19 00:00:00 EDT 2008,160000,38.45356,-121.435959,,
1675 VERNON ST Unit 8,ROSEVILLE,95678,CA,2,1,990,Residential,Mon May 19 00:00:00 EDT 2008,160000,38.734136,-121.299639,,
6824 OLIVE TREE WAY,CITRUS HEIGHTS,95610,CA,3,2,1410,Residential,Fri May 16 00:00:00 EDT 2008,160000,38.689239,-121.267737,,
4351 TURNBRIDGE DR,SACRAMENTO,95823,CA,3,2,1488,Residential,Thu May 15 00:00:00 EDT 2008,160000,38.502034,-121.456027,,
6513 HOLIDAY WAY,NORTH HIGHLANDS,95660,CA,3,2,1373,Residential,Thu May 15 00:00:00 EDT 2008,160000,38.685361,-121.376938,,
8198 STEVENSON AVE,SACRAMENTO,95828,CA,6,4,2475,Multi-Family,Fri May 16 00:00:00 EDT 2008,159900,38.465271,-121.40426,,
6000 BIRCHGLADE WAY,CITRUS HEIGHTS,95621,CA,4,2,1351,Residential,Mon May 19 00:00:00 EDT 2008,158000,38.70166,-121.323249,,
7204 THOMAS DR,NORTH HIGHLANDS,95660,CA,3,2,1152,Residential,Mon May 19 00:00:00 EDT 2008,158000,38.697898,-121.377687,,
8200 STEINBECK WAY,SACRAMENTO,95828,CA,4,2,1358,Residential,Fri May 16 00:00:00 EDT 2008,158000,38.474854,-121.404726,,
4524 LOCH HAVEN WAY,SACRAMENTO,95842,CA,2,1,904,Residential,Tue May 20 00:00:00 EDT 2008,157788,38.67273,-121.359645,,
1941 EXPEDITION WAY,SACRAMENTO,95832,CA,3,2,1302,Residential,Thu May 15 00:00:00 EDT 2008,157500,38.473775,-121.493777,,
8636 LONGSPUR WAY,ANTELOPE,95843,CA,3,2,1670,Residential,Thu May 15 00:00:00 EDT 2008,157296,38.725873,-121.35856,,
8718 ELK WAY,ELK GROVE,95624,CA,3,2,1056,Residential,Wed May 21 00:00:00 EDT 2008,156896,38.41653,-121.379653,,
3150 ROSEMONT DR,SACRAMENTO,95826,CA,3,2,1428,Residential,Fri May 16 00:00:00 EDT 2008,156142,38.554927,-121.35521,,
6716 TAREYTON WAY,CITRUS HEIGHTS,95621,CA,3,2,1104,Residential,Tue May 20 00:00:00 EDT 2008,156000,38.693724,-121.307169,,
2028 ROBERT WAY,SACRAMENTO,95825,CA,2,1,810,Residential,Tue May 20 00:00:00 EDT 2008,156000,38.609982,-121.419263,,
9346 AIZENBERG CIR,ELK GROVE,95624,CA,2,2,1123,Residential,Tue May 20 00:00:00 EDT 2008,156000,38.41875,-121.370019,,
7204 KERSTEN ST,CITRUS HEIGHTS,95621,CA,3,2,1075,Residential,Fri May 16 00:00:00 EDT 2008,155800,38.695863,-121.300814,,
1223 LAMBERTON CIR,SACRAMENTO,95838,CA,3,2,1370,Residential,Mon May 19 00:00:00 EDT 2008,155500,38.646677,-121.437573,,
1223 LAMBERTON CIR,SACRAMENTO,95838,CA,3,2,1370,Residential,Mon May 19 00:00:00 EDT 2008,155435,38.646677,-121.437573,,
6045 EHRHARDT AVE,SACRAMENTO,95823,CA,3,2,1676,Residential,Mon May 19 00:00:00 EDT 2008,155000,38.457157,-121.433065,,
4909 RUGER CT,SACRAMENTO,95842,CA,3,2,960,Residential,Fri May 16 00:00:00 EDT 2008,155000,38.68747,-121.349234,,
2178 63RD AVE,SACRAMENTO,95822,CA,3,2,1207,Residential,Wed May 21 00:00:00 EDT 2008,154000,38.493955,-121.48966,,
4800 WESTLAKE PKWY Unit 2109,SACRAMENTO,95835,CA,2,2,1304,Condo,Wed May 21 00:00:00 EDT 2008,152000,38.658812,-121.542345,,
9254 HARROGATE WAY,ELK GROVE,95758,CA,2,2,1006,Residential,Tue May 20 00:00:00 EDT 2008,152000,38.420138,-121.412179,,
8 LA ROCAS CT,SACRAMENTO,95823,CA,3,2,1217,Residential,Thu May 15 00:00:00 EDT 2008,151087,38.46616,-121.448283,,
6948 MIRADOR WAY,SACRAMENTO,95828,CA,4,2,1628,Residential,Fri May 16 00:00:00 EDT 2008,151000,38.493484,-121.42035,,
5754 WALERGA RD Unit 4,SACRAMENTO,95842,CA,2,1,924,Condo,Thu May 15 00:00:00 EDT 2008,150454,38.672567,-121.356754,,
2442 LARKSPUR LN,SACRAMENTO,95825,CA,1,1,760,Condo,Wed May 21 00:00:00 EDT 2008,150000,38.58514,-121.403736,,
8116 COTTONMILL CIR,SACRAMENTO,95828,CA,3,2,1364,Residential,Tue May 20 00:00:00 EDT 2008,150000,38.482876,-121.405912,,
4660 CEDARWOOD WAY,SACRAMENTO,95823,CA,4,2,1310,Residential,Tue May 20 00:00:00 EDT 2008,150000,38.484834,-121.449316,,
3624 20TH AVE,SACRAMENTO,95820,CA,5,2,1516,Residential,Mon May 19 00:00:00 EDT 2008,150000,38.534508,-121.467907,,
2848 PROVO WAY,SACRAMENTO,95822,CA,3,2,1646,Residential,Mon May 19 00:00:00 EDT 2008,150000,38.489759,-121.474754,,
4055 DEERBROOK DR,SACRAMENTO,95823,CA,3,2,1466,Residential,Fri May 16 00:00:00 EDT 2008,150000,38.472117,-121.459589,,
9937 BURLINE ST,SACRAMENTO,95827,CA,3,2,1092,Residential,Fri May 16 00:00:00 EDT 2008,150000,38.559641,-121.32316,,
8025 ARROYO VISTA DR,SACRAMENTO,95823,CA,4,2,1392,Residential,Thu May 15 00:00:00 EDT 2008,150000,38.46654,-121.419029,,
8344 FIELDPOPPY CIR,SACRAMENTO,95828,CA,3,2,1407,Residential,Mon May 19 00:00:00 EDT 2008,149600,38.479083,-121.400702,,
7044 CARTHY WAY,SACRAMENTO,95828,CA,4,2,1146,Residential,Wed May 21 00:00:00 EDT 2008,149593,38.49857,-121.420925,,
8354 SUNRISE WOODS WAY,SACRAMENTO,95828,CA,3,2,1117,Residential,Tue May 20 00:00:00 EDT 2008,149000,38.473288,-121.3963,,
7661 NIXOS WAY,SACRAMENTO,95823,CA,4,2,1472,Residential,Wed May 21 00:00:00 EDT 2008,148750,38.479553,-121.463317,,
4180 12TH AVE,SACRAMENTO,95817,CA,3,1,1019,Residential,Thu May 15 00:00:00 EDT 2008,148750,38.54117,-121.458129,,
7458 WINKLEY WAY,SACRAMENTO,95822,CA,3,1,1320,Residential,Tue May 20 00:00:00 EDT 2008,148500,38.487444,-121.491366,,
5031 CORVAIR ST,NORTH HIGHLANDS,95660,CA,3,2,1082,Residential,Wed May 21 00:00:00 EDT 2008,147308,38.658246,-121.375469,,
7620 DARLA WAY,SACRAMENTO,95828,CA,4,2,1590,Residential,Mon May 19 00:00:00 EDT 2008,147000,38.478502,-121.403517,,
612 STONE BLVD,WEST SACRAMENTO,95691,CA,2,1,884,Residential,Thu May 15 00:00:00 EDT 2008,147000,38.563084,-121.535579,,
3920 SHINING STAR DR,SACRAMENTO,95823,CA,3,2,1418,Residential,Wed May 21 00:00:00 EDT 2008,146250,38.48742,-121.462459,,
4207 PAINTER WAY,NORTH HIGHLANDS,95660,CA,4,2,1183,Residential,Tue May 20 00:00:00 EDT 2008,146000,38.692915,-121.367497,,
8632 PRAIRIEWOODS DR,SACRAMENTO,95828,CA,3,2,1543,Residential,Thu May 15 00:00:00 EDT 2008,145846,38.477563,-121.384382,,
3328 22ND AVE,SACRAMENTO,95820,CA,2,1,722,Residential,Tue May 20 00:00:00 EDT 2008,145000,38.532727,-121.470783,,
8001 HARTWICK WAY,SACRAMENTO,95828,CA,4,2,1448,Residential,Tue May 20 00:00:00 EDT 2008,145000,38.488623,-121.410582,,
7812 HARTWICK WAY,SACRAMENTO,95828,CA,3,2,1188,Residential,Tue May 20 00:00:00 EDT 2008,145000,38.488611,-121.412808,,
2123 AMANDA WAY,SACRAMENTO,95822,CA,3,2,1120,Residential,Mon May 19 00:00:00 EDT 2008,145000,38.484896,-121.486948,,
5531 JANSEN DR,SACRAMENTO,95824,CA,3,1,1060,Residential,Fri May 16 00:00:00 EDT 2008,145000,38.522015,-121.438713,,
7836 ORCHARD WOODS CIR,SACRAMENTO,95828,CA,2,2,1132,Residential,Fri May 16 00:00:00 EDT 2008,145000,38.47955,-121.410867,,
1035 MILLET WAY,SACRAMENTO,95834,CA,3,2,1202,Residential,Tue May 20 00:00:00 EDT 2008,143500,38.631056,-121.48508,,
2149 COTTAGE WAY,SACRAMENTO,95825,CA,3,1,1285,Residential,Thu May 15 00:00:00 EDT 2008,143012,38.603593,-121.417011,,
5333 PRIMROSE DR Unit 19A,FAIR OAKS,95628,CA,2,2,994,Condo,Tue May 20 00:00:00 EDT 2008,142500,38.662785,-121.276272,,
3604 KODIAK WAY,ANTELOPE,95843,CA,3,2,1206,Residential,Thu May 15 00:00:00 EDT 2008,142000,38.706175,-121.379776,,
5201 LAGUNA OAKS DR Unit 162,ELK GROVE,95758,CA,2,2,1039,Condo,Wed May 21 00:00:00 EDT 2008,141000,38.423251,-121.444489,,
2368 CRAIG AVE,SACRAMENTO,95832,CA,3,2,1300,Residential,Mon May 19 00:00:00 EDT 2008,140800,38.47807,-121.48114,,
3174 NORTHVIEW DR,SACRAMENTO,95833,CA,3,1,1080,Residential,Tue May 20 00:00:00 EDT 2008,140000,38.623817,-121.477827,,
840 TRANQUIL LN,GALT,95632,CA,3,2,1266,Residential,Tue May 20 00:00:00 EDT 2008,140000,38.270617,-121.299205,,
2421 SANTINA WAY,ELVERTA,95626,CA,3,2,1416,Residential,Mon May 19 00:00:00 EDT 2008,140000,38.71865,-121.407763,,
2931 HOWE AVE,SACRAMENTO,95821,CA,3,1,1264,Residential,Fri May 16 00:00:00 EDT 2008,140000,38.619012,-121.415329,,
7032 FAIR OAKS BLVD,CARMICHAEL,95608,CA,3,2,1245,Condo,Mon May 19 00:00:00 EDT 2008,139500,38.628563,-121.328297,,
7944 DOMINION WAY,ELVERTA,95626,CA,3,2,1116,Residential,Wed May 21 00:00:00 EDT 2008,138750,38.713182,-121.411227,,
4904 J PKWY,SACRAMENTO,95823,CA,3,2,1400,Residential,Fri May 16 00:00:00 EDT 2008,138000,38.487297,-121.44295,,
1158 SAN IGNACIO WAY,SACRAMENTO,95833,CA,3,2,1260,Residential,Fri May 16 00:00:00 EDT 2008,137760,38.623045,-121.486279,,
4288 DYMIC WAY,SACRAMENTO,95838,CA,4,3,1890,Residential,Fri May 16 00:00:00 EDT 2008,137721,38.646541,-121.441139,,
3100 EXPLORER DR,SACRAMENTO,95827,CA,3,2,1380,Residential,Wed May 21 00:00:00 EDT 2008,136500,38.566663,-121.332644,,
617 M ST,RIO LINDA,95673,CA,2,2,1690,Residential,Mon May 19 00:00:00 EDT 2008,136500,38.691104,-121.451832,,
14 ASHLEY OAKS CT,SACRAMENTO,95815,CA,3,2,1264,Residential,Tue May 20 00:00:00 EDT 2008,135500,38.61779,-121.436765,,
648 SANTA ANA AVE,SACRAMENTO,95838,CA,3,2,1211,Residential,Tue May 20 00:00:00 EDT 2008,135000,38.658478,-121.450409,,
6768 MEDORA DR,NORTH HIGHLANDS,95660,CA,3,2,1152,Residential,Wed May 21 00:00:00 EDT 2008,134555,38.691161,-121.37192,,
604 MORRISON AVE,SACRAMENTO,95838,CA,2,1,952,Residential,Tue May 20 00:00:00 EDT 2008,134000,38.637678,-121.452476,,
97 KENNELFORD CIR,SACRAMENTO,95823,CA,3,2,1144,Residential,Thu May 15 00:00:00 EDT 2008,134000,38.462376,-121.426556,,
2636 TRONERO WAY,RANCHO CORDOVA,95670,CA,3,1,1000,Residential,Thu May 15 00:00:00 EDT 2008,134000,38.593049,-121.30304,,
4114 35TH AVE,SACRAMENTO,95824,CA,2,1,1139,Residential,Mon May 19 00:00:00 EDT 2008,133105,38.520941,-121.459355,,
5201 LAGUNA OAKS DR Unit 140,ELK GROVE,95758,CA,2,2,1039,Condo,Wed May 21 00:00:00 EDT 2008,133000,38.423251,-121.444489,,
7825 CREEK VALLEY CIR,SACRAMENTO,95828,CA,3,2,1248,Residential,Wed May 21 00:00:00 EDT 2008,132000,38.472122,-121.404199,,
7043 9TH AVE,RIO LINDA,95673,CA,2,1,970,Residential,Thu May 15 00:00:00 EDT 2008,132000,38.695589,-121.444133,,
4073 TRESLER AVE,NORTH HIGHLANDS,95660,CA,2,2,1118,Residential,Fri May 16 00:00:00 EDT 2008,131750,38.659016,-121.370457,,
6631 DEMARET DR,SACRAMENTO,95822,CA,4,2,1309,Residential,Thu May 15 00:00:00 EDT 2008,131750,38.506382,-121.483574,,
9861 CULP WAY,SACRAMENTO,95827,CA,4,2,1380,Residential,Wed May 21 00:00:00 EDT 2008,131200,38.558423,-121.327948,,
7226 LARCHMONT DR,NORTH HIGHLANDS,95660,CA,3,2,1209,Residential,Mon May 19 00:00:00 EDT 2008,130000,38.699269,-121.376334,,
7825 DALEWOODS WAY,SACRAMENTO,95828,CA,3,2,1120,Residential,Fri May 16 00:00:00 EDT 2008,130000,38.477297,-121.411513,,
7928 36TH AVE,SACRAMENTO,95824,CA,3,2,1127,Residential,Thu May 15 00:00:00 EDT 2008,130000,38.52049,-121.411383,,
4071 EVALITA WAY,SACRAMENTO,95823,CA,3,2,1089,Residential,Thu May 15 00:00:00 EDT 2008,129500,38.466388,-121.458861,,
1469 JANRICK AVE,SACRAMENTO,95832,CA,3,2,1119,Residential,Wed May 21 00:00:00 EDT 2008,129000,38.476472,-121.501711,,
3692 PAYNE WAY,NORTH HIGHLANDS,95660,CA,3,1,957,Residential,Tue May 20 00:00:00 EDT 2008,129000,38.66654,-121.378298,,
7517 50TH AVE,SACRAMENTO,95828,CA,3,1,962,Residential,Thu May 15 00:00:00 EDT 2008,128687,38.507339,-121.416267,,
7349 FLETCHER FARM DR,SACRAMENTO,95828,CA,4,2,1587,Residential,Mon May 19 00:00:00 EDT 2008,127500,38.49069,-121.382619,,
4108 NORTON WAY,SACRAMENTO,95820,CA,3,1,963,Residential,Wed May 21 00:00:00 EDT 2008,127281,38.537526,-121.478315,,
3118 42ND ST,SACRAMENTO,95817,CA,3,2,1093,Residential,Thu May 15 00:00:00 EDT 2008,127059,38.546091,-121.457745,,
227 MAHAN CT Unit 1,ROSEVILLE,95678,CA,2,1,780,Condo,Mon May 19 00:00:00 EDT 2008,127000,38.749723,-121.27008,,
9013 CASALS ST,SACRAMENTO,95826,CA,2,1,795,Condo,Mon May 19 00:00:00 EDT 2008,126960,38.557045,-121.37167,,
1691 NOGALES ST,SACRAMENTO,95838,CA,4,2,1570,Residential,Thu May 15 00:00:00 EDT 2008,126854,38.631925,-121.427775,,
7741 MILLDALE CIR,ELVERTA,95626,CA,4,2,1354,Residential,Mon May 19 00:00:00 EDT 2008,126714,38.705834,-121.43919,,
3828 BLACKFOOT WAY,ANTELOPE,95843,CA,3,2,1088,Residential,Wed May 21 00:00:00 EDT 2008,126640,38.70974,-121.37377,,
2505 RHINE WAY,ELVERTA,95626,CA,3,2,1080,Residential,Tue May 20 00:00:00 EDT 2008,126000,38.717976,-121.407684,,
2847 BELGRADE WAY,SACRAMENTO,95833,CA,4,2,1390,Residential,Mon May 19 00:00:00 EDT 2008,125573,38.617173,-121.482541,,
3729 BAINBRIDGE DR,NORTH HIGHLANDS,95660,CA,3,2,901,Residential,Wed May 21 00:00:00 EDT 2008,125000,38.701499,-121.37622,,
3800 LYNHURST WAY,NORTH HIGHLANDS,95660,CA,3,1,888,Residential,Tue May 20 00:00:00 EDT 2008,125000,38.650445,-121.374861,,
6139 HERMOSA ST,SACRAMENTO,95822,CA,3,2,1120,Residential,Tue May 20 00:00:00 EDT 2008,125000,38.514665,-121.480411,,
3128 VIA GRANDE,SACRAMENTO,95825,CA,2,1,972,Residential,Mon May 19 00:00:00 EDT 2008,125000,38.598321,-121.39161,,
1630 GLIDDEN AVE,SACRAMENTO,95822,CA,4,2,1253,Residential,Fri May 16 00:00:00 EDT 2008,125000,38.482717,-121.499683,,
6548 GRAYLOCK LN,NORTH HIGHLANDS,95660,CA,3,2,1272,Residential,Fri May 16 00:00:00 EDT 2008,124413,38.686061,-121.369949,,
9 PASTURE CT,SACRAMENTO,95834,CA,3,2,1601,Residential,Wed May 21 00:00:00 EDT 2008,124100,38.628631,-121.488097,,
12 COSTA BRASE CT,SACRAMENTO,95838,CA,3,2,1219,Residential,Fri May 16 00:00:00 EDT 2008,124000,38.655554,-121.464275,,
6813 SCOTER WAY,SACRAMENTO,95842,CA,4,2,1127,Residential,Fri May 16 00:00:00 EDT 2008,124000,38.69043,-121.361035,,
211 MCDANIEL CIR,SACRAMENTO,95838,CA,3,2,1110,Residential,Tue May 20 00:00:00 EDT 2008,123750,38.636565,-121.460383,,
87 LACAM CIR,SACRAMENTO,95820,CA,2,2,1188,Residential,Thu May 15 00:00:00 EDT 2008,123675,38.532359,-121.41167,,
6318 39TH AVE,SACRAMENTO,95824,CA,3,1,1050,Residential,Tue May 20 00:00:00 EDT 2008,123225,38.518942,-121.430158,,
7511 OAKVALE CT,NORTH HIGHLANDS,95660,CA,4,2,1240,Residential,Wed May 21 00:00:00 EDT 2008,123000,38.702792,-121.38221,,
6743 21ST ST,SACRAMENTO,95822,CA,3,2,1104,Residential,Mon May 19 00:00:00 EDT 2008,123000,38.50372,-121.490657,,
119 SAINT MARIE CIR,SACRAMENTO,95823,CA,4,2,1341,Residential,Fri May 16 00:00:00 EDT 2008,123000,38.481454,-121.446644,,
4882 BANDALIN WAY,SACRAMENTO,95823,CA,4,2,1329,Residential,Wed May 21 00:00:00 EDT 2008,122682,38.468173,-121.444071,,
7328 SPRINGMAN ST,SACRAMENTO,95822,CA,3,2,1164,Residential,Fri May 16 00:00:00 EDT 2008,122500,38.491991,-121.477636,,
6118 STONEHAND AVE,CITRUS HEIGHTS,95621,CA,3,2,1118,Residential,Wed May 21 00:00:00 EDT 2008,122000,38.707851,0,,3
201 CARLO CT,GALT,95632,CA,3,2,1080,Residential,Mon May 19 00:00:00 EDT 2008,122000,38.24227,-121.31032,,
1455 64TH AVE,SACRAMENTO,95822,CA,3,2,1169,Residential,Fri May 16 00:00:00 EDT 2008,122000,38.492177,-121.503392,,
7730 ROBINETTE RD,SACRAMENTO,95828,CA,3,2,1269,Residential,Thu May 15 00:00:00 EDT 2008,122000,38.47709,-121.410569,,
2621 EVERGREEN ST,SACRAMENTO,95815,CA,3,1,696,Residential,Mon May 19 00:00:00 EDT 2008,121725,38.613103,-121.444085,,
113 LEEWILL AVE,RIO LINDA,95673,CA,3,2,1356,Residential,Wed May 21 00:00:00 EDT 2008,121630,38.689999,-121.46322,,
5380 VILLAGE WOOD DR,SACRAMENTO,95823,CA,2,2,901,Residential,Mon May 19 00:00:00 EDT 2008,121500,38.454949,-121.440578,,
5136 CABOT CIR,SACRAMENTO,95820,CA,4,2,1462,Residential,Thu May 15 00:00:00 EDT 2008,121500,38.528479,-121.411806,,
10542 SILVERWOOD WAY,RANCHO CORDOVA,95670,CA,3,1,1098,Residential,Tue May 20 00:00:00 EDT 2008,120108,38.587156,-121.295778,,
4621 COUNTRY SCENE WAY,SACRAMENTO,95823,CA,3,2,1366,Residential,Mon May 19 00:00:00 EDT 2008,120108,38.470187,-121.448149,,
250 PERALTA AVE,SACRAMENTO,95833,CA,2,1,588,Residential,Wed May 21 00:00:00 EDT 2008,120000,38.612099,-121.469095,,
7342 GIGI PL,SACRAMENTO,95828,CA,4,4,1995,Multi-Family,Mon May 19 00:00:00 EDT 2008,120000,38.490704,-121.410176,,
2610 PHYLLIS AVE,SACRAMENTO,95820,CA,2,1,804,Residential,Mon May 19 00:00:00 EDT 2008,120000,38.53105,-121.479574,,
4200 COMMERCE WAY Unit 711,SACRAMENTO,95834,CA,2,2,958,Condo,Mon May 19 00:00:00 EDT 2008,120000,38.647523,-121.523217,,
3726 JONKO AVE,NORTH HIGHLANDS,95660,CA,3,2,1207,Residential,Mon May 19 00:00:00 EDT 2008,119250,38.656131,-121.377265,,
6236 LONGFORD DR Unit 1,CITRUS HEIGHTS,95621,CA,2,1,795,Condo,Wed May 21 00:00:00 EDT 2008,116250,38.679776,-121.314089,,
7876 BURLINGTON WAY,SACRAMENTO,95832,CA,3,1,1174,Residential,Mon May 19 00:00:00 EDT 2008,116100,38.470093,-121.468347,,
2361 LA LOMA DR,RANCHO CORDOVA,95670,CA,3,2,1115,Residential,Fri May 16 00:00:00 EDT 2008,116000,38.59368,-121.316054,,
6561 WEATHERFORD WAY,SACRAMENTO,95823,CA,3,1,1010,Residential,Thu May 15 00:00:00 EDT 2008,116000,38.465551,-121.42661,,
1110 PINEDALE AVE,SACRAMENTO,95838,CA,3,2,1410,Residential,Fri May 16 00:00:00 EDT 2008,115620,38.660173,-121.440216,,
3409 VIRGO ST,SACRAMENTO,95827,CA,3,2,1320,Residential,Fri May 16 00:00:00 EDT 2008,115500,38.563402,-121.327747,,
8020 WALERGA RD,ANTELOPE,95843,CA,2,2,836,Condo,Mon May 19 00:00:00 EDT 2008,115000,38.71607,-121.364468,,
167 VALLEY OAK DR,ROSEVILLE,95678,CA,2,2,1100,Condo,Mon May 19 00:00:00 EDT 2008,115000,38.732429,-121.288069,,
2426 RASHAWN DR,RANCHO CORDOVA,95670,CA,2,1,911,Residential,Fri May 16 00:00:00 EDT 2008,115000,38.610852,-121.273278,,
4800 WESTLAKE PKWY Unit 410,SACRAMENTO,95835,CA,1,1,846,Condo,Fri May 16 00:00:00 EDT 2008,115000,38.658812,-121.542345,,
4803 MCCLOUD DR,SACRAMENTO,95842,CA,2,2,967,Residential,Tue May 20 00:00:00 EDT 2008,114800,38.682279,-121.352817,,
2277 BABETTE WAY,SACRAMENTO,95832,CA,3,2,1161,Residential,Thu May 15 00:00:00 EDT 2008,114800,38.479593,-121.48434,,
8101 PORT ROYALE WAY,SACRAMENTO,95823,CA,2,1,779,Residential,Mon May 19 00:00:00 EDT 2008,114750,38.463929,-121.438667,,
3503 21ST AVE,SACRAMENTO,95820,CA,4,2,1448,Residential,Mon May 19 00:00:00 EDT 2008,114000,38.53361,-121.469308,,
523 EXCHANGE ST,SACRAMENTO,95838,CA,3,1,966,Residential,Mon May 19 00:00:00 EDT 2008,114000,38.659414,-121.45408,,
6715 6TH ST,RIO LINDA,95673,CA,2,1,844,Residential,Wed May 21 00:00:00 EDT 2008,113263,38.689591,-121.452239,,
2216 DUNLAP DR,SACRAMENTO,95821,CA,3,1,1014,Residential,Mon May 19 00:00:00 EDT 2008,113000,38.623738,-121.41305,,
3732 LANKERSHIM WAY,NORTH HIGHLANDS,95660,CA,3,1,1331,Residential,Mon May 19 00:00:00 EDT 2008,112500,38.68972,-121.378399,,
7629 BETH ST,SACRAMENTO,95832,CA,3,2,1249,Residential,Thu May 15 00:00:00 EDT 2008,112500,38.480126,-121.487869,,
5307 CABRILLO WAY,SACRAMENTO,95820,CA,3,1,1039,Residential,Tue May 20 00:00:00 EDT 2008,111000,38.52712,-121.435348,,
3725 DON JULIO BLVD,NORTH HIGHLANDS,95660,CA,3,1,1051,Residential,Tue May 20 00:00:00 EDT 2008,111000,38.67895,-121.379406,,
7340 HAMDEN PL,SACRAMENTO,95842,CA,2,2,1134,Condo,Wed May 21 00:00:00 EDT 2008,110700,38.700051,-121.351278,,
1434 BELL AVE,SACRAMENTO,95838,CA,3,1,1004,Residential,Thu May 15 00:00:00 EDT 2008,110000,38.647398,-121.432914,,
5628 GEORGIA DR,NORTH HIGHLANDS,95660,CA,3,1,1229,Residential,Thu May 15 00:00:00 EDT 2008,110000,38.669587,-121.379879,,
3715 DIDCOT CIR,SACRAMENTO,95838,CA,4,2,1064,Residential,Fri May 16 00:00:00 EDT 2008,109000,38.635232,-121.460098,,
4225 46TH AVE,SACRAMENTO,95824,CA,3,1,1161,Residential,Thu May 15 00:00:00 EDT 2008,109000,38.511893,-121.457676,,
4533 LOCH HAVEN WAY,SACRAMENTO,95842,CA,2,2,1022,Residential,Wed May 21 00:00:00 EDT 2008,108750,38.672914,-121.35934,,
1401 STERLING ST,SACRAMENTO,95822,CA,2,1,810,Residential,Fri May 16 00:00:00 EDT 2008,108000,38.520319,-121.504727,,
739 E WOODSIDE LN Unit E,SACRAMENTO,95825,CA,1,1,682,Condo,Thu May 15 00:00:00 EDT 2008,107666,38.578675,-121.409951,,
2113 KIRK WAY,SACRAMENTO,95822,CA,3,1,1020,Residential,Wed May 21 00:00:00 EDT 2008,107502,38.482215,-121.492603,,
2930 LA ROSA RD,SACRAMENTO,95815,CA,1,1,871,Residential,Wed May 21 00:00:00 EDT 2008,106852,38.618698,-121.435833,,
1121 CREEKSIDE WAY,GALT,95632,CA,3,1,1080,Residential,Tue May 20 00:00:00 EDT 2008,106716,38.241514,-121.312199,,
4085 FAWN CIR,SACRAMENTO,95823,CA,3,2,1289,Residential,Wed May 21 00:00:00 EDT 2008,106250,38.470746,-121.458918,,
4738 OAKHOLLOW DR,SACRAMENTO,95842,CA,4,2,1292,Residential,Fri May 16 00:00:00 EDT 2008,105000,38.679598,-121.356035,,
6208 GRATTAN WAY,NORTH HIGHLANDS,95660,CA,3,1,1051,Residential,Thu May 15 00:00:00 EDT 2008,105000,38.679279,-121.376615,,
6063 LAND PARK DR,SACRAMENTO,95822,CA,2,1,800,Condo,Fri May 16 00:00:00 EDT 2008,104250,38.517029,-121.513809,,
3935 LIMESTONE WAY,SACRAMENTO,95823,CA,3,2,1354,Residential,Thu May 15 00:00:00 EDT 2008,104000,38.484374,-121.463157,,
2987 PONDEROSA LN,SACRAMENTO,95815,CA,4,2,1120,Residential,Mon May 19 00:00:00 EDT 2008,102750,38.622243,-121.457863,,
6013 ROWAN WAY,CITRUS HEIGHTS,95621,CA,2,1,888,Residential,Mon May 19 00:00:00 EDT 2008,101000,38.675893,-121.2963,,
645 MORRISON AVE,SACRAMENTO,95838,CA,3,2,909,Residential,Wed May 21 00:00:00 EDT 2008,100309,38.637663,-121.45152,,
5201 LAGUNA OAKS DR Unit 172,ELK GROVE,95758,CA,1,1,722,Condo,Tue May 20 00:00:00 EDT 2008,100000,38.423251,-121.444489,,
2820 DEL PASO BLVD,SACRAMENTO,95815,CA,4,2,1404,Multi-Family,Mon May 19 00:00:00 EDT 2008,100000,38.617718,-121.440089,,
3715 TALLYHO DR Unit 78HIGH,SACRAMENTO,95826,CA,1,1,625,Condo,Mon May 19 00:00:00 EDT 2008,100000,38.544627,-121.35796,,
3847 LAS PASAS WAY,SACRAMENTO,95864,CA,3,1,1643,Residential,Tue May 20 00:00:00 EDT 2008,99000,38.588672,-121.373916,,
7325 10TH ST,RIO LINDA,95673,CA,3,2,1146,Residential,Wed May 21 00:00:00 EDT 2008,98937,38.700909,-121.442979,,
1069 ACACIA AVE,SACRAMENTO,95815,CA,2,1,1220,Residential,Tue May 20 00:00:00 EDT 2008,98000,38.621998,-121.442238,,
5201 LAGUNA OAKS DR Unit 199,ELK GROVE,95758,CA,1,1,722,Condo,Tue May 20 00:00:00 EDT 2008,98000,38.423251,-121.444489,,
3348 RIO LINDA BLVD,SACRAMENTO,95838,CA,3,2,1040,Residential,Thu May 15 00:00:00 EDT 2008,97750,38.628842,-121.446127,,
5303 JERRETT WAY,SACRAMENTO,95842,CA,2,1,964,Residential,Mon May 19 00:00:00 EDT 2008,97500,38.663282,-121.359631,,
3104 CLAY ST,SACRAMENTO,95815,CA,2,1,832,Residential,Fri May 16 00:00:00 EDT 2008,96140,38.62391,-121.439208,,
4250 ARDWELL WAY,SACRAMENTO,95823,CA,3,2,1089,Residential,Fri May 16 00:00:00 EDT 2008,95625,38.466938,-121.455631,,
540 MORRISON AVE,SACRAMENTO,95838,CA,3,1,1082,Residential,Mon May 19 00:00:00 EDT 2008,95000,38.637704,-121.453946,,
7374 TISDALE WAY,SACRAMENTO,95822,CA,3,1,1058,Residential,Thu May 15 00:00:00 EDT 2008,95000,38.488238,-121.472561,,
11150 TRINITY RIVER DR Unit 114,RANCHO CORDOVA,95670,CA,2,2,941,Condo,Wed May 21 00:00:00 EDT 2008,94905,38.621188,-121.270555,,
5028 14TH AVE,SACRAMENTO,95820,CA,2,1,610,Residential,Tue May 20 00:00:00 EDT 2008,93675,38.53942,-121.446894,,
4113 DAYSTAR CT,SACRAMENTO,95824,CA,2,2,1139,Residential,Thu May 15 00:00:00 EDT 2008,93600,38.520469,-121.458606,,
7607 ELDER CREEK RD,SACRAMENTO,95824,CA,3,1,924,Residential,Tue May 20 00:00:00 EDT 2008,92000,38.51055,-121.414768,,
550 DEL VERDE CIR,SACRAMENTO,95833,CA,2,1,956,Condo,Thu May 15 00:00:00 EDT 2008,92000,38.627147,-121.500799,,
2561 19TH AVE,SACRAMENTO,95820,CA,3,1,1177,Residential,Wed May 21 00:00:00 EDT 2008,91002,38.535092,-121.481367,,
1016 CONGRESS AVE,SACRAMENTO,95838,CA,2,2,918,Residential,Mon May 19 00:00:00 EDT 2008,91000,38.630151,-121.442789,,
6048 OGDEN NASH WAY,SACRAMENTO,95842,CA,3,2,1104,Residential,Wed May 21 00:00:00 EDT 2008,90895,38.681659,-121.351705,,
671 SONOMA AVE,SACRAMENTO,95815,CA,3,1,1337,Residential,Tue May 20 00:00:00 EDT 2008,90000,38.622953,-121.450142,,
5980 79TH ST,SACRAMENTO,95824,CA,2,1,868,Residential,Tue May 20 00:00:00 EDT 2008,90000,38.518373,-121.411779,,
7541 SKELTON WAY,SACRAMENTO,95822,CA,3,1,1012,Residential,Mon May 19 00:00:00 EDT 2008,90000,38.484274,-121.488851,,
9058 MONTOYA ST,SACRAMENTO,95826,CA,2,1,795,Condo,Mon May 19 00:00:00 EDT 2008,90000,38.559144,-121.368387,,
5828 PEPPERMILL CT,SACRAMENTO,95841,CA,3,1,1122,Condo,Wed May 21 00:00:00 EDT 2008,89921,38.662595,-121.327813,,
483 ARCADE BLVD,SACRAMENTO,95815,CA,4,2,1316,Residential,Tue May 20 00:00:00 EDT 2008,89000,38.623571,-121.454884,,
601 REGGINALD WAY,SACRAMENTO,95838,CA,3,2,1092,Residential,Thu May 15 00:00:00 EDT 2008,85500,38.64472,-121.452228,,
7109 CHANDLER DR,SACRAMENTO,95828,CA,3,1,1013,Residential,Mon May 19 00:00:00 EDT 2008,85000,38.497237,-121.424187,,
1171 SONOMA AVE,SACRAMENTO,95815,CA,2,1,1011,Residential,Fri May 16 00:00:00 EDT 2008,85000,38.6238,-121.439872,,
3908 17TH AVE,SACRAMENTO,95820,CA,2,1,984,Residential,Mon May 19 00:00:00 EDT 2008,84675,38.53728,-121.463531,,
3845 ELM ST,SACRAMENTO,95838,CA,3,1,1250,Residential,Mon May 19 00:00:00 EDT 2008,84000,38.637337,-121.432835,,
4513 GREENHOLME DR,SACRAMENTO,95842,CA,2,1,795,Condo,Mon May 19 00:00:00 EDT 2008,82732,38.669104,-121.359008,,
6001 MCMAHON DR,SACRAMENTO,95824,CA,2,1,797,Residential,Wed May 21 00:00:00 EDT 2008,81900,38.51947,-121.435768,,
6112 HERMOSA ST,SACRAMENTO,95822,CA,3,1,1067,Residential,Tue May 20 00:00:00 EDT 2008,80000,38.515125,-121.480416,,
83 ARCADE BLVD,SACRAMENTO,95815,CA,4,2,1158,Residential,Thu May 15 00:00:00 EDT 2008,80000,38.618716,-121.466327,,
5221 38TH AVE,SACRAMENTO,95824,CA,2,1,746,Residential,Tue May 20 00:00:00 EDT 2008,78400,38.518044,-121.443555,,
3132 CLAY ST,SACRAMENTO,95815,CA,2,1,800,Residential,Tue May 20 00:00:00 EDT 2008,78000,38.624678,-121.439203,,
5050 RHODE ISLAND DR Unit 4,SACRAMENTO,95841,CA,2,1,924,Condo,Mon May 19 00:00:00 EDT 2008,77000,38.658739,-121.333561,,
8248 CENTER PKWY,SACRAMENTO,95823,CA,2,1,906,Condo,Fri May 16 00:00:00 EDT 2008,77000,38.459002,-121.428794,,
5821 64TH ST,SACRAMENTO,95824,CA,2,1,861,Residential,Fri May 16 00:00:00 EDT 2008,75000,38.521202,-121.428146,,
9512 EMERALD PARK DR Unit 3,ELK GROVE,95624,CA,2,1,840,Condo,Tue May 20 00:00:00 EDT 2008,71000,38.40573,-121.369832,,
3812 CYPRESS ST,SACRAMENTO,95838,CA,2,1,900,Residential,Fri May 16 00:00:00 EDT 2008,71000,38.636877,-121.444948,,
3432 Y ST,SACRAMENTO,95817,CA,4,2,1099,Residential,Tue May 20 00:00:00 EDT 2008,70000,38.554967,-121.468046,,
701 JESSIE AVE,SACRAMENTO,95838,CA,2,1,1011,Residential,Thu May 15 00:00:00 EDT 2008,70000,38.643978,-121.449562,,
2805 JANETTE WAY,SACRAMENTO,95815,CA,2,1,852,Residential,Wed May 21 00:00:00 EDT 2008,69307,38.616835,-121.439146,,
6272 LONGFORD DR Unit 1,CITRUS HEIGHTS,95621,CA,2,1,795,Condo,Tue May 20 00:00:00 EDT 2008,69000,38.680923,-121.313945,,
2796 BRANCH ST,SACRAMENTO,95815,CA,2,1,796,Residential,Wed May 21 00:00:00 EDT 2008,68880,38.618305,-121.443839,,
3920 39TH ST,SACRAMENTO,95820,CA,2,1,864,Residential,Thu May 15 00:00:00 EDT 2008,68566,38.539213,-121.46393,,
51 OMAHA CT,SACRAMENTO,95823,CA,3,1,1167,Residential,Wed May 21 00:00:00 EDT 2008,68212,38.478902,-121.431028,,2
4734 14TH AVE,SACRAMENTO,95820,CA,2,1,834,Residential,Mon May 19 00:00:00 EDT 2008,68000,38.539447,-121.450858,,
4734 14TH AVE,SACRAMENTO,95820,CA,2,1,834,Residential,Mon May 19 00:00:00 EDT 2008,68000,38.539447,-121.450858,,
127 QUASAR CIR,SACRAMENTO,95822,CA,2,2,990,Residential,Fri May 16 00:00:00 EDT 2008,66500,38.493504,-121.475304,,
3660 22ND AVE,SACRAMENTO,95820,CA,2,1,932,Residential,Mon May 19 00:00:00 EDT 2008,65000,38.532718,-121.46747,,
3924 HIGH ST,SACRAMENTO,95838,CA,2,1,796,Residential,Mon May 19 00:00:00 EDT 2008,65000,38.638797,-121.435049,,
2332 CAMBRIDGE ST,SACRAMENTO,95815,CA,2,1,1032,Residential,Fri May 16 00:00:00 EDT 2008,65000,38.608085,-121.449651,,
3812 BELDEN ST,SACRAMENTO,95838,CA,2,1,904,Residential,Fri May 16 00:00:00 EDT 2008,65000,38.636833,-121.44164,,
3348 40TH ST,SACRAMENTO,95817,CA,2,1,1080,Residential,Fri May 16 00:00:00 EDT 2008,65000,38.544162,-121.460652,,
5805 DOTMAR WAY,NORTH HIGHLANDS,95660,CA,2,1,904,Residential,Fri May 16 00:00:00 EDT 2008,63000,38.672642,-121.380343,,
4030 BROADWAY,SACRAMENTO,95817,CA,2,1,623,Residential,Mon May 19 00:00:00 EDT 2008,62050,38.546798,-121.460038,,
5672 HILLSDALE BLVD,SACRAMENTO,95842,CA,2,1,933,Condo,Thu May 15 00:00:00 EDT 2008,62000,38.670467,-121.359799,,
261 REDONDO AVE,SACRAMENTO,95815,CA,3,1,970,Residential,Mon May 19 00:00:00 EDT 2008,61500,38.620685,-121.460539,,
5937 BAMFORD DR,SACRAMENTO,95823,CA,2,1,876,Residential,Thu May 15 00:00:00 EDT 2008,61000,38.471139,-121.432255,,
9127 NEWHALL DR Unit 34,SACRAMENTO,95826,CA,1,1,611,Condo,Thu May 15 00:00:00 EDT 2008,60000,38.542419,-121.359904,,
3526 HIGH ST,SACRAMENTO,95838,CA,2,1,836,Residential,Wed May 21 00:00:00 EDT 2008,59222,38.631913,-121.434879,,1
7401 TOULON LN,SACRAMENTO,95828,CA,4,2,1512,Residential,Thu May 15 00:00:00 EDT 2008,56950,38.488628,-121.387759,,
15 LOORZ CT,SACRAMENTO,95823,CA,2,1,838,Residential,Fri May 16 00:00:00 EDT 2008,55422,38.471646,-121.435158,,
923 FULTON AVE,SACRAMENTO,95825,CA,1,1,484,Condo,Mon May 19 00:00:00 EDT 2008,48000,38.582279,-121.401482,,
5840 WALERGA RD,SACRAMENTO,95842,CA,2,1,840,Condo,Mon May 19 00:00:00 EDT 2008,40000,38.673678,-121.357471,,
8208 WOODYARD WAY,CITRUS HEIGHTS,95621,CA,3,2,1166,Residential,Fri May 16 00:00:00 EDT 2008,30000,38.715322,-121.314787,,
14151 INDIO DR,SLOUGHHOUSE,95683,CA,3,4,5822,Residential,Fri May 16 00:00:00 EDT 2008,2000,38.490447,-121.129337,,
